rally,set,start_frame,end_frame,duration_sec,winner,ISR_score_after,BRA_score_after,start_time_sec,end_time_sec
1,1,0,65,2.64,BRA,0,1,0.0,2.6
2,1,107,140,1.36,ISR,1,1,4.28,5.6
3,1,180,504,13.0,BRA,1,2,7.2,20.16
4,1,505,625,4.84,ISR,2,2,20.2,25.0
5,1,667,765,3.96,BRA,2,3,26.68,30.6
6,1,766,892,5.08,ISR,3,3,30.64,35.68
7,1,893,1015,4.92,BRA,3,4,35.72,40.6
8,1,1056,1162,4.28,ISR,4,4,42.24,46.48
9,1,1163,1245,3.32,BRA,4,5,46.52,49.8
10,1,1295,1553,10.36,ISR,5,5,51.8,62.12
11,1,1554,1695,5.68,ISR,6,5,62.16,67.8
12,1,1863,1965,4.12,ISR,7,5,74.52,78.6
13,1,1985,2235,10.04,BRA,7,6,79.4,89.4
14,1,2321,2410,3.6,ISR,8,6,92.84,96.4
15,1,2428,2625,7.92,ISR,9,6,97.12,105.0
16,1,2626,2675,2.0,BRA,9,7,105.04,107.0
17,1,2700,2935,9.44,ISR,10,7,108.0,117.4
18,1,2955,3048,3.76,BRA,10,8,118.2,121.92
19,1,3049,3310,10.48,BRA,10,9,121.96,132.4
20,1,3361,3905,21.8,BRA,10,10,134.44,156.2
21,1,3972,4081,4.4,BRA,10,11,158.88,163.24
22,1,4082,4218,5.48,BRA,10,12,163.28,168.72
23,1,4219,4349,5.24,ISR,11,12,168.76,173.96
24,1,4350,4525,7.04,BRA,11,13,174.0,181.0
25,1,4775,5019,9.8,BRA,11,14,191.0,200.76
26,1,5020,5311,11.68,ISR,12,14,200.8,212.44
27,1,5312,6197,35.44,BRA,12,15,212.48,247.88
28,1,6270,6765,19.84,BRA,12,16,250.8,270.6
29,1,6766,7080,12.6,BRA,12,17,270.64,283.2
30,1,7081,7225,5.8,ISR,13,17,283.24,289.0
31,1,7737,7985,9.96,BRA,13,18,309.48,319.4
32,2,8042,8265,8.96,BRA,0,1,321.68,330.6
33,2,8297,8695,15.96,BRA,0,2,331.88,347.8
34,2,8734,9130,15.88,BRA,0,3,349.36,365.2
35,2,9135,9345,8.44,BRA,0,4,365.4,373.8
36,2,9379,9655,11.08,BRA,0,5,375.16,386.2
37,2,9686,9795,4.4,ISR,1,5,387.44,391.8
38,2,9815,10125,12.44,ISR,2,5,392.6,405.0
39,2,10267,10665,15.96,BRA,2,6,410.68,426.6
40,2,10719,10915,7.88,BRA,2,7,428.76,436.6
41,2,10954,11159,8.24,BRA,2,8,438.16,446.36
42,2,11160,11416,10.28,BRA,2,9,446.4,456.64
43,2,11570,11774,8.2,BRA,2,10,462.8,470.96
44,2,11775,11965,7.64,BRA,2,11,471.0,478.6
45,2,11966,12235,10.8,BRA,2,12,478.64,489.4
46,2,12310,12425,4.64,BRA,2,13,492.4,497.0
47,2,12451,12758,12.32,BRA,2,14,498.04,510.32
48,2,12801,13075,11.0,ISR,3,14,512.04,523.0
49,2,13076,13149,2.96,ISR,4,14,523.04,525.96
50,2,13150,13395,9.84,ISR,5,14,526.0,535.8
51,2,13446,13775,13.2,ISR,6,14,537.84,551.0
52,2,13802,14085,11.36,BRA,6,15,552.08,563.4
53,2,14092,14347,10.24,ISR,7,15,563.68,573.88
54,2,14348,14425,3.12,BRA,7,16,573.92,577.0
55,2,14448,14565,4.72,ISR,8,16,577.92,582.6
56,2,14566,14726,6.44,ISR,9,16,582.64,589.04
57,2,14727,14875,5.96,ISR,10,16,589.08,595.0
58,2,14896,15216,12.84,BRA,10,17,595.84,608.64
59,2,15217,15365,5.96,ISR,11,17,608.68,614.6
60,2,15407,15495,3.56,BRA,11,18,616.28,619.8
