rally,set,v2_start_frame,v2_end_frame,start_frame,end_frame,duration_sec,winner,ISR_score_after,BRA_score_after,start_time_sec,end_time_sec
1,1,0,65,0,65,2.64,BRA,0,1,0.0,2.6
2,1,107,140,70,103,1.36,ISR,1,1,2.8,4.12
3,1,180,504,108,432,13.0,BRA,1,2,4.32,17.28
4,1,505,625,433,553,4.84,ISR,2,2,17.32,22.12
5,1,667,765,558,656,3.96,BRA,2,3,22.32,26.24
6,1,766,892,657,783,5.08,ISR,3,3,26.28,31.32
7,1,893,1015,784,906,4.92,BRA,3,4,31.36,36.24
8,1,1056,1162,911,1017,4.28,ISR,4,4,36.44,40.68
9,1,1163,1245,1018,1100,3.32,BRA,4,5,40.72,44.0
10,1,1295,1553,1105,1363,10.36,ISR,5,5,44.2,54.52
11,1,1554,1695,1364,1505,5.68,ISR,6,5,54.56,60.2
12,1,1863,1965,1520,1622,4.12,ISR,7,5,60.8,64.88
13,1,1985,2235,1627,1877,10.04,BRA,7,6,65.08,75.08
14,1,2321,2410,1963,2052,3.6,ISR,8,6,78.52,82.08
15,1,2428,2625,2057,2254,7.92,ISR,9,6,82.28,90.16
16,1,2626,2675,2255,2304,2.0,BRA,9,7,90.2,92.16
17,1,2700,2935,2309,2544,9.44,ISR,10,7,92.36,101.76
18,1,2955,3048,2549,2642,3.76,BRA,10,8,101.96,105.68
19,1,3049,3310,2643,2904,10.48,BRA,10,9,105.72,116.16
20,1,3361,3905,2955,3499,21.8,BRA,10,10,118.2,139.96
21,1,3972,4081,3504,3613,4.4,BRA,10,11,140.16,144.52
22,1,4082,4218,3614,3750,5.48,BRA,10,12,144.56,150.0
23,1,4219,4349,3751,3881,5.24,ISR,11,12,150.04,155.24
24,1,4350,4525,3882,4057,7.04,BRA,11,13,155.28,162.28
25,1,4775,5019,4062,4306,9.8,BRA,11,14,162.48,172.24
26,1,5020,5311,4307,4598,11.68,ISR,12,14,172.28,183.92
27,1,5312,6197,4599,5484,35.44,BRA,12,15,183.96,219.36
28,1,6270,6765,5557,6052,19.84,BRA,12,16,222.28,242.08
29,1,6766,7080,6053,6367,12.6,BRA,12,17,242.12,254.68
30,1,7081,7225,6368,6512,5.8,ISR,13,17,254.72,260.48
31,1,7737,7985,6517,6765,9.96,BRA,13,18,260.68,270.6
32,2,8042,8265,6770,6993,8.96,BRA,0,1,270.8,279.72
33,2,8297,8695,6998,7396,15.96,BRA,0,2,279.92,295.84
34,2,8734,9130,7401,7797,15.88,BRA,0,3,296.04,311.88
35,2,9135,9345,7802,8012,8.44,BRA,0,4,312.08,320.48
36,2,9379,9655,8017,8293,11.08,BRA,0,5,320.68,331.72
37,2,9686,9795,8298,8407,4.4,ISR,1,5,331.92,336.28
38,2,9815,10125,8412,8722,12.44,ISR,2,5,336.48,348.88
39,2,10267,10665,8727,9125,15.96,BRA,2,6,349.08,365.0
40,2,10719,10915,9130,9326,7.88,BRA,2,7,365.2,373.04
41,2,10954,11159,9331,9536,8.24,BRA,2,8,373.24,381.44
42,2,11160,11416,9537,9793,10.28,BRA,2,9,381.48,391.72
43,2,11570,11774,9837,10041,8.2,BRA,2,10,393.48,401.64
44,2,11775,11965,10042,10232,7.64,BRA,2,11,401.68,409.28
45,2,11966,12235,10233,10502,10.8,BRA,2,12,409.32,420.08
46,2,12310,12425,10507,10622,4.64,BRA,2,13,420.28,424.88
47,2,12451,12758,10627,10934,12.32,BRA,2,14,425.08,437.36
48,2,12801,13075,10935,11209,11.0,ISR,3,14,437.4,448.36
49,2,13076,13149,11210,11283,2.96,ISR,4,14,448.4,451.32
50,2,13150,13395,11284,11529,9.84,ISR,5,14,451.36,461.16
51,2,13446,13775,11534,11863,13.2,ISR,6,14,461.36,474.52
52,2,13802,14085,11868,12151,11.36,BRA,6,15,474.72,486.04
53,2,14092,14347,12158,12413,10.24,ISR,7,15,486.32,496.52
54,2,14348,14425,12414,12491,3.12,BRA,7,16,496.56,499.64
55,2,14448,14565,12496,12613,4.72,ISR,8,16,499.84,504.52
56,2,14566,14726,12614,12774,6.44,ISR,9,16,504.56,510.96
57,2,14727,14875,12775,12923,5.96,ISR,10,16,511.0,516.92
58,2,14896,15216,12928,13248,12.84,BRA,10,17,517.12,529.92
59,2,15217,15365,13249,13397,5.96,ISR,11,17,529.96,535.88
60,2,15407,15495,13402,13490,3.56,BRA,11,18,536.08,539.6
