start_frame,end_frame,start_time,end_time,duration_sec,blue_side,yellow_side
0,893,00:00.00,00:35.72,35.76,RIGHT,LEFT
894,1984,00:35.76,01:19.36,43.64,LEFT,RIGHT
1985,3049,01:19.40,02:01.96,42.59999999999999,RIGHT,LEFT
3050,4573,02:02.00,03:02.92,60.95999999999999,LEFT,RIGHT
4574,7291,03:02.96,04:51.64,108.71999999999998,RIGHT,LEFT
7292,9815,04:51.68,06:32.60,100.96000000000002,LEFT,RIGHT
9816,11775,06:32.64,07:51.00,78.40000000000002,RIGHT,LEFT
11776,13149,07:51.04,08:45.96,54.960000000000015,LEFT,RIGHT
13150,14566,08:46.00,09:42.64,56.679999999999986,RIGHT,LEFT
14567,15585,09:42.68,10:23.40,40.760000000000026,LEFT,RIGHT
