kind,who,start,end,n
player_none,ISR_A,82,106,25
pose_weak,BRA_B,221,221,1
player_none,ISR_B,255,304,50
player_none,BRA_B+ISR_B,305,375,71
player_none,ISR_B,376,400,25
ball_hidden,ball,378,397,20
player_none,BRA_A,505,525,21
ball_hidden,ball,747,754,8
pose_weak,BRA_B,999,999,1
pose_weak,ISR_A,1001,1001,1
player_none,BRA_B,1291,1294,4
pose_weak,ISR_B,1324,1324,1
player_none,ISR_B,1985,1997,13
player_none,ISR_A,2234,2320,87
pose_weak,BRA_B,2487,2488,2
player_none,ISR_B,2955,2977,23
player_none,BRA_A,3324,3360,37
pose_edge,ISR_A,3553,3598,46
pose_edge,ISR_A,3604,3605,2
pose_edge,BRA_B,3680,3681,2
pose_edge,BRA_B,3683,3714,32
pose_edge,BRA_B,3717,3725,9
pose_edge,BRA_B,3727,3727,1
pose_edge,BRA_A,3838,3839,2
pose_edge,BRA_A,3854,3854,1
pose_edge,BRA_A,3856,3861,6
pose_edge,BRA_A,4086,4086,1
ball_hidden,ball,4124,4128,5
player_none,BRA_A,4219,4221,3
player_none,ISR_A,4350,4429,80
ball_hidden,ball,4745,4750,6
pose_edge,ISR_B,5060,5063,4
pose_edge,ISR_B,5065,5065,1
pose_edge,ISR_B,5068,5080,13
pose_edge,ISR_B,5083,5084,2
pose_edge,ISR_B,5089,5090,2
player_none,BRA_B+ISR_B,5311,5311,1
player_none,ISR_B,5312,5351,40
ball_hidden,ball,5758,5763,6
player_none,BRA_A,5803,5839,37
pose_edge,BRA_A,5915,5915,1
player_none,BRA_A,5916,5983,68
pose_edge,ISR_B,6257,6257,1
player_none,ISR_B,6259,6269,11
ball_hidden,ball,6662,6674,13
pose_weak,BRA_A,6734,6734,1
player_none,BRA_A,7081,7112,32
pose_edge,ISR_B,7103,7103,1
pose_edge,ISR_B,7105,7134,30
player_none,ISR_A,7532,7736,205
player_none,BRA_B+ISR_A+ISR_B,8025,8041,17
pose_edge,BRA_B,8122,8147,26
pose_weak,BRA_A,8251,8251,1
pose_weak,BRA_A,8253,8264,12
pose_weak,BRA_A,8270,8289,20
player_none,ISR_B,8292,8296,5
player_none,BRA_B,8297,8326,30
pose_edge,BRA_B,8461,8464,4
pose_weak,BRA_B,8635,8635,1
player_none,BRA_B,8734,8738,5
player_none,BRA_B,9011,9045,35
player_none,BRA_B,9208,9378,171
pose_weak,ISR_B,9233,9233,1
pose_weak,ISR_B,9238,9243,6
pose_weak,ISR_B,9321,9321,1
pose_edge,BRA_B,9567,9576,10
pose_edge,BRA_B,9578,9582,5
pose_edge,BRA_B,9584,9589,6
pose_weak,BRA_B,9651,9652,2
pose_weak,BRA_B,9655,9655,1
pose_weak,BRA_B,9660,9660,1
player_none,ISR_A,9815,9887,73
ball_hidden,ball,10061,10073,13
pose_weak,ISR_B,10120,10127,8
pose_weak,ISR_A,10127,10133,7
pose_weak,ISR_A,10137,10145,9
player_none,ISR_A,10171,10266,96
pose_weak,BRA_A,10345,10345,1
pose_weak,BRA_A,10352,10353,2
pose_weak,ISR_A,10502,10503,2
pose_weak,ISR_A,10516,10516,1
pose_weak,BRA_B,10517,10517,1
ball_hidden,ball,10861,10875,15
player_none,BRA_A,10929,10953,25
player_none,ISR_B,10954,10960,7
pose_edge,ISR_B,10961,10961,1
pose_weak,BRA_B,11093,11093,1
pose_weak,BRA_B,11120,11120,1
player_none,BRA_A,11160,11232,73
pose_edge,ISR_B,11435,11435,1
player_none,ISR_B,11436,11469,34
player_none,BRA_A+ISR_B,11470,11569,100
player_none,BRA_A,12310,12330,21
player_none,ISR_B,12451,12460,10
player_none,BRA_A,12759,12800,42
ball_hidden,ball,13134,13140,7
pose_weak,BRA_A,13869,13869,1
player_none,BRA_A,14092,14112,21
ball_hidden,ball,14313,14318,6
pose_weak,ISR_B,14339,14340,2
pose_weak,ISR_B,14344,14344,1
player_none,ISR_B,14348,14358,11
pose_edge,ISR_B,14361,14361,1
player_none,ISR_B,14566,14583,18
pose_weak,BRA_A,14662,14662,1
pose_weak,BRA_A,14961,14961,1
pose_weak,ISR_A,15343,15345,3
