frame,kind,who,detail
82,player_none,ISR_A,3 players
83,player_none,ISR_A,3 players
84,player_none,ISR_A,3 players
85,player_none,ISR_A,3 players
86,player_none,ISR_A,3 players
87,player_none,ISR_A,3 players
88,player_none,ISR_A,3 players
89,player_none,ISR_A,3 players
90,player_none,ISR_A,3 players
91,player_none,ISR_A,3 players
92,player_none,ISR_A,3 players
93,player_none,ISR_A,3 players
94,player_none,ISR_A,3 players
95,player_none,ISR_A,3 players
96,player_none,ISR_A,3 players
97,player_none,ISR_A,3 players
98,player_none,ISR_A,3 players
99,player_none,ISR_A,3 players
100,player_none,ISR_A,3 players
101,player_none,ISR_A,3 players
102,player_none,ISR_A,3 players
103,player_none,ISR_A,3 players
104,player_none,ISR_A,3 players
105,player_none,ISR_A,3 players
106,player_none,ISR_A,3 players
221,pose_weak,BRA_B,11/25 joints
255,player_none,ISR_B,3 players
256,player_none,ISR_B,3 players
257,player_none,ISR_B,3 players
258,player_none,ISR_B,3 players
259,player_none,ISR_B,3 players
260,player_none,ISR_B,3 players
261,player_none,ISR_B,3 players
262,player_none,ISR_B,3 players
263,player_none,ISR_B,3 players
264,player_none,ISR_B,3 players
265,player_none,ISR_B,3 players
266,player_none,ISR_B,3 players
267,player_none,ISR_B,3 players
268,player_none,ISR_B,3 players
269,player_none,ISR_B,3 players
270,player_none,ISR_B,3 players
271,player_none,ISR_B,3 players
272,player_none,ISR_B,3 players
273,player_none,ISR_B,3 players
274,player_none,ISR_B,3 players
275,player_none,ISR_B,3 players
276,player_none,ISR_B,3 players
277,player_none,ISR_B,3 players
278,player_none,ISR_B,3 players
279,player_none,ISR_B,3 players
280,player_none,ISR_B,3 players
281,player_none,ISR_B,3 players
282,player_none,ISR_B,3 players
283,player_none,ISR_B,3 players
284,player_none,ISR_B,3 players
285,player_none,ISR_B,3 players
286,player_none,ISR_B,3 players
287,player_none,ISR_B,3 players
288,player_none,ISR_B,3 players
289,player_none,ISR_B,3 players
290,player_none,ISR_B,3 players
291,player_none,ISR_B,3 players
292,player_none,ISR_B,3 players
293,player_none,ISR_B,3 players
294,player_none,ISR_B,3 players
295,player_none,ISR_B,3 players
296,player_none,ISR_B,3 players
297,player_none,ISR_B,3 players
298,player_none,ISR_B,3 players
299,player_none,ISR_B,3 players
300,player_none,ISR_B,3 players
301,player_none,ISR_B,3 players
302,player_none,ISR_B,3 players
303,player_none,ISR_B,3 players
304,player_none,ISR_B,3 players
305,player_none,BRA_B+ISR_B,2 players
306,player_none,BRA_B+ISR_B,2 players
307,player_none,BRA_B+ISR_B,2 players
308,player_none,BRA_B+ISR_B,2 players
309,player_none,BRA_B+ISR_B,2 players
310,player_none,BRA_B+ISR_B,2 players
311,player_none,BRA_B+ISR_B,2 players
312,player_none,BRA_B+ISR_B,2 players
313,player_none,BRA_B+ISR_B,2 players
314,player_none,BRA_B+ISR_B,2 players
315,player_none,BRA_B+ISR_B,2 players
316,player_none,BRA_B+ISR_B,2 players
317,player_none,BRA_B+ISR_B,2 players
318,player_none,BRA_B+ISR_B,2 players
319,player_none,BRA_B+ISR_B,2 players
320,player_none,BRA_B+ISR_B,2 players
321,player_none,BRA_B+ISR_B,2 players
322,player_none,BRA_B+ISR_B,2 players
323,player_none,BRA_B+ISR_B,2 players
324,player_none,BRA_B+ISR_B,2 players
325,player_none,BRA_B+ISR_B,2 players
326,player_none,BRA_B+ISR_B,2 players
327,player_none,BRA_B+ISR_B,2 players
328,player_none,BRA_B+ISR_B,2 players
329,player_none,BRA_B+ISR_B,2 players
330,player_none,BRA_B+ISR_B,2 players
331,player_none,BRA_B+ISR_B,2 players
332,player_none,BRA_B+ISR_B,2 players
333,player_none,BRA_B+ISR_B,2 players
334,player_none,BRA_B+ISR_B,2 players
335,player_none,BRA_B+ISR_B,2 players
336,player_none,BRA_B+ISR_B,2 players
337,player_none,BRA_B+ISR_B,2 players
338,player_none,BRA_B+ISR_B,2 players
339,player_none,BRA_B+ISR_B,2 players
340,player_none,BRA_B+ISR_B,2 players
341,player_none,BRA_B+ISR_B,2 players
342,player_none,BRA_B+ISR_B,2 players
343,player_none,BRA_B+ISR_B,2 players
344,player_none,BRA_B+ISR_B,2 players
345,player_none,BRA_B+ISR_B,2 players
346,player_none,BRA_B+ISR_B,2 players
347,player_none,BRA_B+ISR_B,2 players
348,player_none,BRA_B+ISR_B,2 players
349,player_none,BRA_B+ISR_B,2 players
350,player_none,BRA_B+ISR_B,2 players
351,player_none,BRA_B+ISR_B,2 players
352,player_none,BRA_B+ISR_B,2 players
353,player_none,BRA_B+ISR_B,2 players
354,player_none,BRA_B+ISR_B,2 players
355,player_none,BRA_B+ISR_B,2 players
356,player_none,BRA_B+ISR_B,2 players
357,player_none,BRA_B+ISR_B,2 players
358,player_none,BRA_B+ISR_B,2 players
359,player_none,BRA_B+ISR_B,2 players
360,player_none,BRA_B+ISR_B,2 players
361,player_none,BRA_B+ISR_B,2 players
362,player_none,BRA_B+ISR_B,2 players
363,player_none,BRA_B+ISR_B,2 players
364,player_none,BRA_B+ISR_B,2 players
365,player_none,BRA_B+ISR_B,2 players
366,player_none,BRA_B+ISR_B,2 players
367,player_none,BRA_B+ISR_B,2 players
368,player_none,BRA_B+ISR_B,2 players
369,player_none,BRA_B+ISR_B,2 players
370,player_none,BRA_B+ISR_B,2 players
371,player_none,BRA_B+ISR_B,2 players
372,player_none,BRA_B+ISR_B,2 players
373,player_none,BRA_B+ISR_B,2 players
374,player_none,BRA_B+ISR_B,2 players
375,player_none,BRA_B+ISR_B,2 players
376,player_none,ISR_B,3 players
377,player_none,ISR_B,3 players
378,ball_hidden,ball,gap 378-397
378,player_none,ISR_B,3 players
379,ball_hidden,ball,gap 378-397
379,player_none,ISR_B,3 players
380,ball_hidden,ball,gap 378-397
380,player_none,ISR_B,3 players
381,ball_hidden,ball,gap 378-397
381,player_none,ISR_B,3 players
382,ball_hidden,ball,gap 378-397
382,player_none,ISR_B,3 players
383,ball_hidden,ball,gap 378-397
383,player_none,ISR_B,3 players
384,ball_hidden,ball,gap 378-397
384,player_none,ISR_B,3 players
385,ball_hidden,ball,gap 378-397
385,player_none,ISR_B,3 players
386,ball_hidden,ball,gap 378-397
386,player_none,ISR_B,3 players
387,ball_hidden,ball,gap 378-397
387,player_none,ISR_B,3 players
388,ball_hidden,ball,gap 378-397
388,player_none,ISR_B,3 players
389,ball_hidden,ball,gap 378-397
389,player_none,ISR_B,3 players
390,ball_hidden,ball,gap 378-397
390,player_none,ISR_B,3 players
391,ball_hidden,ball,gap 378-397
391,player_none,ISR_B,3 players
392,ball_hidden,ball,gap 378-397
392,player_none,ISR_B,3 players
393,ball_hidden,ball,gap 378-397
393,player_none,ISR_B,3 players
394,ball_hidden,ball,gap 378-397
394,player_none,ISR_B,3 players
395,ball_hidden,ball,gap 378-397
395,player_none,ISR_B,3 players
396,ball_hidden,ball,gap 378-397
396,player_none,ISR_B,3 players
397,ball_hidden,ball,gap 378-397
397,player_none,ISR_B,3 players
398,player_none,ISR_B,3 players
399,player_none,ISR_B,3 players
400,player_none,ISR_B,3 players
505,player_none,BRA_A,3 players
506,player_none,BRA_A,3 players
507,player_none,BRA_A,3 players
508,player_none,BRA_A,3 players
509,player_none,BRA_A,3 players
510,player_none,BRA_A,3 players
511,player_none,BRA_A,3 players
512,player_none,BRA_A,3 players
513,player_none,BRA_A,3 players
514,player_none,BRA_A,3 players
515,player_none,BRA_A,3 players
516,player_none,BRA_A,3 players
517,player_none,BRA_A,3 players
518,player_none,BRA_A,3 players
519,player_none,BRA_A,3 players
520,player_none,BRA_A,3 players
521,player_none,BRA_A,3 players
522,player_none,BRA_A,3 players
523,player_none,BRA_A,3 players
524,player_none,BRA_A,3 players
525,player_none,BRA_A,3 players
747,ball_hidden,ball,gap 747-754
748,ball_hidden,ball,gap 747-754
749,ball_hidden,ball,gap 747-754
750,ball_hidden,ball,gap 747-754
751,ball_hidden,ball,gap 747-754
752,ball_hidden,ball,gap 747-754
753,ball_hidden,ball,gap 747-754
754,ball_hidden,ball,gap 747-754
999,pose_weak,BRA_B,9/25 joints
1001,pose_weak,ISR_A,6/25 joints
1291,player_none,BRA_B,3 players
1292,player_none,BRA_B,3 players
1293,player_none,BRA_B,3 players
1294,player_none,BRA_B,3 players
1324,pose_weak,ISR_B,10/25 joints
1985,player_none,ISR_B,3 players
1986,player_none,ISR_B,3 players
1987,player_none,ISR_B,3 players
1988,player_none,ISR_B,3 players
1989,player_none,ISR_B,3 players
1990,player_none,ISR_B,3 players
1991,player_none,ISR_B,3 players
1992,player_none,ISR_B,3 players
1993,player_none,ISR_B,3 players
1994,player_none,ISR_B,3 players
1995,player_none,ISR_B,3 players
1996,player_none,ISR_B,3 players
1997,player_none,ISR_B,3 players
2234,player_none,ISR_A,3 players
2235,player_none,ISR_A,3 players
2236,player_none,ISR_A,3 players
2237,player_none,ISR_A,3 players
2238,player_none,ISR_A,3 players
2239,player_none,ISR_A,3 players
2240,player_none,ISR_A,3 players
2241,player_none,ISR_A,3 players
2242,player_none,ISR_A,3 players
2243,player_none,ISR_A,3 players
2244,player_none,ISR_A,3 players
2245,player_none,ISR_A,3 players
2246,player_none,ISR_A,3 players
2247,player_none,ISR_A,3 players
2248,player_none,ISR_A,3 players
2249,player_none,ISR_A,3 players
2250,player_none,ISR_A,3 players
2251,player_none,ISR_A,3 players
2252,player_none,ISR_A,3 players
2253,player_none,ISR_A,3 players
2254,player_none,ISR_A,3 players
2255,player_none,ISR_A,3 players
2256,player_none,ISR_A,3 players
2257,player_none,ISR_A,3 players
2258,player_none,ISR_A,3 players
2259,player_none,ISR_A,3 players
2260,player_none,ISR_A,3 players
2261,player_none,ISR_A,3 players
2262,player_none,ISR_A,3 players
2263,player_none,ISR_A,3 players
2264,player_none,ISR_A,3 players
2265,player_none,ISR_A,3 players
2266,player_none,ISR_A,3 players
2267,player_none,ISR_A,3 players
2268,player_none,ISR_A,3 players
2269,player_none,ISR_A,3 players
2270,player_none,ISR_A,3 players
2271,player_none,ISR_A,3 players
2272,player_none,ISR_A,3 players
2273,player_none,ISR_A,3 players
2274,player_none,ISR_A,3 players
2275,player_none,ISR_A,3 players
2276,player_none,ISR_A,3 players
2277,player_none,ISR_A,3 players
2278,player_none,ISR_A,3 players
2279,player_none,ISR_A,3 players
2280,player_none,ISR_A,3 players
2281,player_none,ISR_A,3 players
2282,player_none,ISR_A,3 players
2283,player_none,ISR_A,3 players
2284,player_none,ISR_A,3 players
2285,player_none,ISR_A,3 players
2286,player_none,ISR_A,3 players
2287,player_none,ISR_A,3 players
2288,player_none,ISR_A,3 players
2289,player_none,ISR_A,3 players
2290,player_none,ISR_A,3 players
2291,player_none,ISR_A,3 players
2292,player_none,ISR_A,3 players
2293,player_none,ISR_A,3 players
2294,player_none,ISR_A,3 players
2295,player_none,ISR_A,3 players
2296,player_none,ISR_A,3 players
2297,player_none,ISR_A,3 players
2298,player_none,ISR_A,3 players
2299,player_none,ISR_A,3 players
2300,player_none,ISR_A,3 players
2301,player_none,ISR_A,3 players
2302,player_none,ISR_A,3 players
2303,player_none,ISR_A,3 players
2304,player_none,ISR_A,3 players
2305,player_none,ISR_A,3 players
2306,player_none,ISR_A,3 players
2307,player_none,ISR_A,3 players
2308,player_none,ISR_A,3 players
2309,player_none,ISR_A,3 players
2310,player_none,ISR_A,3 players
2311,player_none,ISR_A,3 players
2312,player_none,ISR_A,3 players
2313,player_none,ISR_A,3 players
2314,player_none,ISR_A,3 players
2315,player_none,ISR_A,3 players
2316,player_none,ISR_A,3 players
2317,player_none,ISR_A,3 players
2318,player_none,ISR_A,3 players
2319,player_none,ISR_A,3 players
2320,player_none,ISR_A,3 players
2487,pose_weak,BRA_B,9/25 joints
2488,pose_weak,BRA_B,8/25 joints
2955,player_none,ISR_B,3 players
2956,player_none,ISR_B,3 players
2957,player_none,ISR_B,3 players
2958,player_none,ISR_B,3 players
2959,player_none,ISR_B,3 players
2960,player_none,ISR_B,3 players
2961,player_none,ISR_B,3 players
2962,player_none,ISR_B,3 players
2963,player_none,ISR_B,3 players
2964,player_none,ISR_B,3 players
2965,player_none,ISR_B,3 players
2966,player_none,ISR_B,3 players
2967,player_none,ISR_B,3 players
2968,player_none,ISR_B,3 players
2969,player_none,ISR_B,3 players
2970,player_none,ISR_B,3 players
2971,player_none,ISR_B,3 players
2972,player_none,ISR_B,3 players
2973,player_none,ISR_B,3 players
2974,player_none,ISR_B,3 players
2975,player_none,ISR_B,3 players
2976,player_none,ISR_B,3 players
2977,player_none,ISR_B,3 players
3324,player_none,BRA_A,3 players
3325,player_none,BRA_A,3 players
3326,player_none,BRA_A,3 players
3327,player_none,BRA_A,3 players
3328,player_none,BRA_A,3 players
3329,player_none,BRA_A,3 players
3330,player_none,BRA_A,3 players
3331,player_none,BRA_A,3 players
3332,player_none,BRA_A,3 players
3333,player_none,BRA_A,3 players
3334,player_none,BRA_A,3 players
3335,player_none,BRA_A,3 players
3336,player_none,BRA_A,3 players
3337,player_none,BRA_A,3 players
3338,player_none,BRA_A,3 players
3339,player_none,BRA_A,3 players
3340,player_none,BRA_A,3 players
3341,player_none,BRA_A,3 players
3342,player_none,BRA_A,3 players
3343,player_none,BRA_A,3 players
3344,player_none,BRA_A,3 players
3345,player_none,BRA_A,3 players
3346,player_none,BRA_A,3 players
3347,player_none,BRA_A,3 players
3348,player_none,BRA_A,3 players
3349,player_none,BRA_A,3 players
3350,player_none,BRA_A,3 players
3351,player_none,BRA_A,3 players
3352,player_none,BRA_A,3 players
3353,player_none,BRA_A,3 players
3354,player_none,BRA_A,3 players
3355,player_none,BRA_A,3 players
3356,player_none,BRA_A,3 players
3357,player_none,BRA_A,3 players
3358,player_none,BRA_A,3 players
3359,player_none,BRA_A,3 players
3360,player_none,BRA_A,3 players
3553,pose_edge,ISR_A,7/25 joints
3554,pose_edge,ISR_A,10/25 joints
3555,pose_edge,ISR_A,2/25 joints
3556,pose_edge,ISR_A,2/25 joints
3557,pose_edge,ISR_A,9/25 joints
3558,pose_edge,ISR_A,6/25 joints
3559,pose_edge,ISR_A,4/25 joints
3560,pose_edge,ISR_A,8/25 joints
3561,pose_edge,ISR_A,8/25 joints
3562,pose_edge,ISR_A,4/25 joints
3563,pose_edge,ISR_A,2/25 joints
3564,pose_edge,ISR_A,2/25 joints
3565,pose_edge,ISR_A,2/25 joints
3566,pose_edge,ISR_A,2/25 joints
3567,pose_edge,ISR_A,2/25 joints
3568,pose_edge,ISR_A,2/25 joints
3569,pose_edge,ISR_A,2/25 joints
3570,pose_edge,ISR_A,1/25 joints
3571,pose_edge,ISR_A,2/25 joints
3572,pose_edge,ISR_A,2/25 joints
3573,pose_edge,ISR_A,2/25 joints
3574,pose_edge,ISR_A,2/25 joints
3575,pose_edge,ISR_A,2/25 joints
3576,pose_edge,ISR_A,0/25 joints
3577,pose_edge,ISR_A,0/25 joints
3578,pose_edge,ISR_A,1/25 joints
3579,pose_edge,ISR_A,1/25 joints
3580,pose_edge,ISR_A,0/25 joints
3581,pose_edge,ISR_A,0/25 joints
3582,pose_edge,ISR_A,1/25 joints
3583,pose_edge,ISR_A,0/25 joints
3584,pose_edge,ISR_A,0/25 joints
3585,pose_edge,ISR_A,0/25 joints
3586,pose_edge,ISR_A,0/25 joints
3587,pose_edge,ISR_A,0/25 joints
3588,pose_edge,ISR_A,0/25 joints
3589,pose_edge,ISR_A,0/25 joints
3590,pose_edge,ISR_A,0/25 joints
3591,pose_edge,ISR_A,0/25 joints
3592,pose_edge,ISR_A,0/25 joints
3593,pose_edge,ISR_A,0/25 joints
3594,pose_edge,ISR_A,0/25 joints
3595,pose_edge,ISR_A,1/25 joints
3596,pose_edge,ISR_A,7/25 joints
3597,pose_edge,ISR_A,5/25 joints
3598,pose_edge,ISR_A,8/25 joints
3604,pose_edge,ISR_A,11/25 joints
3605,pose_edge,ISR_A,10/25 joints
3680,pose_edge,BRA_B,5/25 joints
3681,pose_edge,BRA_B,8/25 joints
3683,pose_edge,BRA_B,4/25 joints
3684,pose_edge,BRA_B,0/25 joints
3685,pose_edge,BRA_B,0/25 joints
3686,pose_edge,BRA_B,4/25 joints
3687,pose_edge,BRA_B,3/25 joints
3688,pose_edge,BRA_B,0/25 joints
3689,pose_edge,BRA_B,2/25 joints
3690,pose_edge,BRA_B,2/25 joints
3691,pose_edge,BRA_B,3/25 joints
3692,pose_edge,BRA_B,4/25 joints
3693,pose_edge,BRA_B,0/25 joints
3694,pose_edge,BRA_B,3/25 joints
3695,pose_edge,BRA_B,4/25 joints
3696,pose_edge,BRA_B,0/25 joints
3697,pose_edge,BRA_B,0/25 joints
3698,pose_edge,BRA_B,2/25 joints
3699,pose_edge,BRA_B,3/25 joints
3700,pose_edge,BRA_B,4/25 joints
3701,pose_edge,BRA_B,2/25 joints
3702,pose_edge,BRA_B,2/25 joints
3703,pose_edge,BRA_B,2/25 joints
3704,pose_edge,BRA_B,2/25 joints
3705,pose_edge,BRA_B,3/25 joints
3706,pose_edge,BRA_B,3/25 joints
3707,pose_edge,BRA_B,2/25 joints
3708,pose_edge,BRA_B,3/25 joints
3709,pose_edge,BRA_B,6/25 joints
3710,pose_edge,BRA_B,4/25 joints
3711,pose_edge,BRA_B,3/25 joints
3712,pose_edge,BRA_B,1/25 joints
3713,pose_edge,BRA_B,8/25 joints
3714,pose_edge,BRA_B,9/25 joints
3717,pose_edge,BRA_B,11/25 joints
3718,pose_edge,BRA_B,9/25 joints
3719,pose_edge,BRA_B,6/25 joints
3720,pose_edge,BRA_B,7/25 joints
3721,pose_edge,BRA_B,9/25 joints
3722,pose_edge,BRA_B,0/25 joints
3723,pose_edge,BRA_B,5/25 joints
3724,pose_edge,BRA_B,7/25 joints
3725,pose_edge,BRA_B,4/25 joints
3727,pose_edge,BRA_B,5/25 joints
3838,pose_edge,BRA_A,11/25 joints
3839,pose_edge,BRA_A,8/25 joints
3854,pose_edge,BRA_A,11/25 joints
3856,pose_edge,BRA_A,0/25 joints
3857,pose_edge,BRA_A,2/25 joints
3858,pose_edge,BRA_A,6/25 joints
3859,pose_edge,BRA_A,2/25 joints
3860,pose_edge,BRA_A,1/25 joints
3861,pose_edge,BRA_A,3/25 joints
4086,pose_edge,BRA_A,11/25 joints
4124,ball_hidden,ball,gap 4124-4128
4125,ball_hidden,ball,gap 4124-4128
4126,ball_hidden,ball,gap 4124-4128
4127,ball_hidden,ball,gap 4124-4128
4128,ball_hidden,ball,gap 4124-4128
4219,player_none,BRA_A,3 players
4220,player_none,BRA_A,3 players
4221,player_none,BRA_A,3 players
4350,player_none,ISR_A,3 players
4351,player_none,ISR_A,3 players
4352,player_none,ISR_A,3 players
4353,player_none,ISR_A,3 players
4354,player_none,ISR_A,3 players
4355,player_none,ISR_A,3 players
4356,player_none,ISR_A,3 players
4357,player_none,ISR_A,3 players
4358,player_none,ISR_A,3 players
4359,player_none,ISR_A,3 players
4360,player_none,ISR_A,3 players
4361,player_none,ISR_A,3 players
4362,player_none,ISR_A,3 players
4363,player_none,ISR_A,3 players
4364,player_none,ISR_A,3 players
4365,player_none,ISR_A,3 players
4366,player_none,ISR_A,3 players
4367,player_none,ISR_A,3 players
4368,player_none,ISR_A,3 players
4369,player_none,ISR_A,3 players
4370,player_none,ISR_A,3 players
4371,player_none,ISR_A,3 players
4372,player_none,ISR_A,3 players
4373,player_none,ISR_A,3 players
4374,player_none,ISR_A,3 players
4375,player_none,ISR_A,3 players
4376,player_none,ISR_A,3 players
4377,player_none,ISR_A,3 players
4378,player_none,ISR_A,3 players
4379,player_none,ISR_A,3 players
4380,player_none,ISR_A,3 players
4381,player_none,ISR_A,3 players
4382,player_none,ISR_A,3 players
4383,player_none,ISR_A,3 players
4384,player_none,ISR_A,3 players
4385,player_none,ISR_A,3 players
4386,player_none,ISR_A,3 players
4387,player_none,ISR_A,3 players
4388,player_none,ISR_A,3 players
4389,player_none,ISR_A,3 players
4390,player_none,ISR_A,3 players
4391,player_none,ISR_A,3 players
4392,player_none,ISR_A,3 players
4393,player_none,ISR_A,3 players
4394,player_none,ISR_A,3 players
4395,player_none,ISR_A,3 players
4396,player_none,ISR_A,3 players
4397,player_none,ISR_A,3 players
4398,player_none,ISR_A,3 players
4399,player_none,ISR_A,3 players
4400,player_none,ISR_A,3 players
4401,player_none,ISR_A,3 players
4402,player_none,ISR_A,3 players
4403,player_none,ISR_A,3 players
4404,player_none,ISR_A,3 players
4405,player_none,ISR_A,3 players
4406,player_none,ISR_A,3 players
4407,player_none,ISR_A,3 players
4408,player_none,ISR_A,3 players
4409,player_none,ISR_A,3 players
4410,player_none,ISR_A,3 players
4411,player_none,ISR_A,3 players
4412,player_none,ISR_A,3 players
4413,player_none,ISR_A,3 players
4414,player_none,ISR_A,3 players
4415,player_none,ISR_A,3 players
4416,player_none,ISR_A,3 players
4417,player_none,ISR_A,3 players
4418,player_none,ISR_A,3 players
4419,player_none,ISR_A,3 players
4420,player_none,ISR_A,3 players
4421,player_none,ISR_A,3 players
4422,player_none,ISR_A,3 players
4423,player_none,ISR_A,3 players
4424,player_none,ISR_A,3 players
4425,player_none,ISR_A,3 players
4426,player_none,ISR_A,3 players
4427,player_none,ISR_A,3 players
4428,player_none,ISR_A,3 players
4429,player_none,ISR_A,3 players
4745,ball_hidden,ball,gap 4745-4750
4746,ball_hidden,ball,gap 4745-4750
4747,ball_hidden,ball,gap 4745-4750
4748,ball_hidden,ball,gap 4745-4750
4749,ball_hidden,ball,gap 4745-4750
4750,ball_hidden,ball,gap 4745-4750
5060,pose_edge,ISR_B,7/25 joints
5061,pose_edge,ISR_B,5/25 joints
5062,pose_edge,ISR_B,8/25 joints
5063,pose_edge,ISR_B,8/25 joints
5065,pose_edge,ISR_B,8/25 joints
5068,pose_edge,ISR_B,3/25 joints
5069,pose_edge,ISR_B,3/25 joints
5070,pose_edge,ISR_B,5/25 joints
5071,pose_edge,ISR_B,2/25 joints
5072,pose_edge,ISR_B,1/25 joints
5073,pose_edge,ISR_B,2/25 joints
5074,pose_edge,ISR_B,3/25 joints
5075,pose_edge,ISR_B,3/25 joints
5076,pose_edge,ISR_B,3/25 joints
5077,pose_edge,ISR_B,1/25 joints
5078,pose_edge,ISR_B,2/25 joints
5079,pose_edge,ISR_B,0/25 joints
5080,pose_edge,ISR_B,0/25 joints
5083,pose_edge,ISR_B,11/25 joints
5084,pose_edge,ISR_B,8/25 joints
5089,pose_edge,ISR_B,0/25 joints
5090,pose_edge,ISR_B,7/25 joints
5311,player_none,BRA_B+ISR_B,2 players
5312,player_none,ISR_B,3 players
5313,player_none,ISR_B,3 players
5314,player_none,ISR_B,3 players
5315,player_none,ISR_B,3 players
5316,player_none,ISR_B,3 players
5317,player_none,ISR_B,3 players
5318,player_none,ISR_B,3 players
5319,player_none,ISR_B,3 players
5320,player_none,ISR_B,3 players
5321,player_none,ISR_B,3 players
5322,player_none,ISR_B,3 players
5323,player_none,ISR_B,3 players
5324,player_none,ISR_B,3 players
5325,player_none,ISR_B,3 players
5326,player_none,ISR_B,3 players
5327,player_none,ISR_B,3 players
5328,player_none,ISR_B,3 players
5329,player_none,ISR_B,3 players
5330,player_none,ISR_B,3 players
5331,player_none,ISR_B,3 players
5332,player_none,ISR_B,3 players
5333,player_none,ISR_B,3 players
5334,player_none,ISR_B,3 players
5335,player_none,ISR_B,3 players
5336,player_none,ISR_B,3 players
5337,player_none,ISR_B,3 players
5338,player_none,ISR_B,3 players
5339,player_none,ISR_B,3 players
5340,player_none,ISR_B,3 players
5341,player_none,ISR_B,3 players
5342,player_none,ISR_B,3 players
5343,player_none,ISR_B,3 players
5344,player_none,ISR_B,3 players
5345,player_none,ISR_B,3 players
5346,player_none,ISR_B,3 players
5347,player_none,ISR_B,3 players
5348,player_none,ISR_B,3 players
5349,player_none,ISR_B,3 players
5350,player_none,ISR_B,3 players
5351,player_none,ISR_B,3 players
5758,ball_hidden,ball,gap 5758-5763
5759,ball_hidden,ball,gap 5758-5763
5760,ball_hidden,ball,gap 5758-5763
5761,ball_hidden,ball,gap 5758-5763
5762,ball_hidden,ball,gap 5758-5763
5763,ball_hidden,ball,gap 5758-5763
5803,player_none,BRA_A,3 players
5804,player_none,BRA_A,3 players
5805,player_none,BRA_A,3 players
5806,player_none,BRA_A,3 players
5807,player_none,BRA_A,3 players
5808,player_none,BRA_A,3 players
5809,player_none,BRA_A,3 players
5810,player_none,BRA_A,3 players
5811,player_none,BRA_A,3 players
5812,player_none,BRA_A,3 players
5813,player_none,BRA_A,3 players
5814,player_none,BRA_A,3 players
5815,player_none,BRA_A,3 players
5816,player_none,BRA_A,3 players
5817,player_none,BRA_A,3 players
5818,player_none,BRA_A,3 players
5819,player_none,BRA_A,3 players
5820,player_none,BRA_A,3 players
5821,player_none,BRA_A,3 players
5822,player_none,BRA_A,3 players
5823,player_none,BRA_A,3 players
5824,player_none,BRA_A,3 players
5825,player_none,BRA_A,3 players
5826,player_none,BRA_A,3 players
5827,player_none,BRA_A,3 players
5828,player_none,BRA_A,3 players
5829,player_none,BRA_A,3 players
5830,player_none,BRA_A,3 players
5831,player_none,BRA_A,3 players
5832,player_none,BRA_A,3 players
5833,player_none,BRA_A,3 players
5834,player_none,BRA_A,3 players
5835,player_none,BRA_A,3 players
5836,player_none,BRA_A,3 players
5837,player_none,BRA_A,3 players
5838,player_none,BRA_A,3 players
5839,player_none,BRA_A,3 players
5915,pose_edge,BRA_A,8/25 joints
5916,player_none,BRA_A,3 players
5917,player_none,BRA_A,3 players
5918,player_none,BRA_A,3 players
5919,player_none,BRA_A,3 players
5920,player_none,BRA_A,3 players
5921,player_none,BRA_A,3 players
5922,player_none,BRA_A,3 players
5923,player_none,BRA_A,3 players
5924,player_none,BRA_A,3 players
5925,player_none,BRA_A,3 players
5926,player_none,BRA_A,3 players
5927,player_none,BRA_A,3 players
5928,player_none,BRA_A,3 players
5929,player_none,BRA_A,3 players
5930,player_none,BRA_A,3 players
5931,player_none,BRA_A,3 players
5932,player_none,BRA_A,3 players
5933,player_none,BRA_A,3 players
5934,player_none,BRA_A,3 players
5935,player_none,BRA_A,3 players
5936,player_none,BRA_A,3 players
5937,player_none,BRA_A,3 players
5938,player_none,BRA_A,3 players
5939,player_none,BRA_A,3 players
5940,player_none,BRA_A,3 players
5941,player_none,BRA_A,3 players
5942,player_none,BRA_A,3 players
5943,player_none,BRA_A,3 players
5944,player_none,BRA_A,3 players
5945,player_none,BRA_A,3 players
5946,player_none,BRA_A,3 players
5947,player_none,BRA_A,3 players
5948,player_none,BRA_A,3 players
5949,player_none,BRA_A,3 players
5950,player_none,BRA_A,3 players
5951,player_none,BRA_A,3 players
5952,player_none,BRA_A,3 players
5953,player_none,BRA_A,3 players
5954,player_none,BRA_A,3 players
5955,player_none,BRA_A,3 players
5956,player_none,BRA_A,3 players
5957,player_none,BRA_A,3 players
5958,player_none,BRA_A,3 players
5959,player_none,BRA_A,3 players
5960,player_none,BRA_A,3 players
5961,player_none,BRA_A,3 players
5962,player_none,BRA_A,3 players
5963,player_none,BRA_A,3 players
5964,player_none,BRA_A,3 players
5965,player_none,BRA_A,3 players
5966,player_none,BRA_A,3 players
5967,player_none,BRA_A,3 players
5968,player_none,BRA_A,3 players
5969,player_none,BRA_A,3 players
5970,player_none,BRA_A,3 players
5971,player_none,BRA_A,3 players
5972,player_none,BRA_A,3 players
5973,player_none,BRA_A,3 players
5974,player_none,BRA_A,3 players
5975,player_none,BRA_A,3 players
5976,player_none,BRA_A,3 players
5977,player_none,BRA_A,3 players
5978,player_none,BRA_A,3 players
5979,player_none,BRA_A,3 players
5980,player_none,BRA_A,3 players
5981,player_none,BRA_A,3 players
5982,player_none,BRA_A,3 players
5983,player_none,BRA_A,3 players
6257,pose_edge,ISR_B,11/25 joints
6259,player_none,ISR_B,3 players
6260,player_none,ISR_B,3 players
6261,player_none,ISR_B,3 players
6262,player_none,ISR_B,3 players
6263,player_none,ISR_B,3 players
6264,player_none,ISR_B,3 players
6265,player_none,ISR_B,3 players
6266,player_none,ISR_B,3 players
6267,player_none,ISR_B,3 players
6268,player_none,ISR_B,3 players
6269,player_none,ISR_B,3 players
6662,ball_hidden,ball,gap 6662-6674
6663,ball_hidden,ball,gap 6662-6674
6664,ball_hidden,ball,gap 6662-6674
6665,ball_hidden,ball,gap 6662-6674
6666,ball_hidden,ball,gap 6662-6674
6667,ball_hidden,ball,gap 6662-6674
6668,ball_hidden,ball,gap 6662-6674
6669,ball_hidden,ball,gap 6662-6674
6670,ball_hidden,ball,gap 6662-6674
6671,ball_hidden,ball,gap 6662-6674
6672,ball_hidden,ball,gap 6662-6674
6673,ball_hidden,ball,gap 6662-6674
6674,ball_hidden,ball,gap 6662-6674
6734,pose_weak,BRA_A,9/25 joints
7081,player_none,BRA_A,3 players
7082,player_none,BRA_A,3 players
7083,player_none,BRA_A,3 players
7084,player_none,BRA_A,3 players
7085,player_none,BRA_A,3 players
7086,player_none,BRA_A,3 players
7087,player_none,BRA_A,3 players
7088,player_none,BRA_A,3 players
7089,player_none,BRA_A,3 players
7090,player_none,BRA_A,3 players
7091,player_none,BRA_A,3 players
7092,player_none,BRA_A,3 players
7093,player_none,BRA_A,3 players
7094,player_none,BRA_A,3 players
7095,player_none,BRA_A,3 players
7096,player_none,BRA_A,3 players
7097,player_none,BRA_A,3 players
7098,player_none,BRA_A,3 players
7099,player_none,BRA_A,3 players
7100,player_none,BRA_A,3 players
7101,player_none,BRA_A,3 players
7102,player_none,BRA_A,3 players
7103,player_none,BRA_A,3 players
7103,pose_edge,ISR_B,10/25 joints
7104,player_none,BRA_A,3 players
7105,player_none,BRA_A,3 players
7105,pose_edge,ISR_B,7/25 joints
7106,player_none,BRA_A,3 players
7106,pose_edge,ISR_B,6/25 joints
7107,player_none,BRA_A,3 players
7107,pose_edge,ISR_B,8/25 joints
7108,player_none,BRA_A,3 players
7108,pose_edge,ISR_B,7/25 joints
7109,player_none,BRA_A,3 players
7109,pose_edge,ISR_B,1/25 joints
7110,player_none,BRA_A,3 players
7110,pose_edge,ISR_B,0/25 joints
7111,player_none,BRA_A,3 players
7111,pose_edge,ISR_B,0/25 joints
7112,player_none,BRA_A,3 players
7112,pose_edge,ISR_B,0/25 joints
7113,pose_edge,ISR_B,1/25 joints
7114,pose_edge,ISR_B,1/25 joints
7115,pose_edge,ISR_B,3/25 joints
7116,pose_edge,ISR_B,3/25 joints
7117,pose_edge,ISR_B,1/25 joints
7118,pose_edge,ISR_B,1/25 joints
7119,pose_edge,ISR_B,4/25 joints
7120,pose_edge,ISR_B,0/25 joints
7121,pose_edge,ISR_B,0/25 joints
7122,pose_edge,ISR_B,1/25 joints
7123,pose_edge,ISR_B,0/25 joints
7124,pose_edge,ISR_B,0/25 joints
7125,pose_edge,ISR_B,1/25 joints
7126,pose_edge,ISR_B,1/25 joints
7127,pose_edge,ISR_B,1/25 joints
7128,pose_edge,ISR_B,1/25 joints
7129,pose_edge,ISR_B,1/25 joints
7130,pose_edge,ISR_B,1/25 joints
7131,pose_edge,ISR_B,2/25 joints
7132,pose_edge,ISR_B,3/25 joints
7133,pose_edge,ISR_B,7/25 joints
7134,pose_edge,ISR_B,6/25 joints
7532,player_none,ISR_A,3 players
7533,player_none,ISR_A,3 players
7534,player_none,ISR_A,3 players
7535,player_none,ISR_A,3 players
7536,player_none,ISR_A,3 players
7537,player_none,ISR_A,3 players
7538,player_none,ISR_A,3 players
7539,player_none,ISR_A,3 players
7540,player_none,ISR_A,3 players
7541,player_none,ISR_A,3 players
7542,player_none,ISR_A,3 players
7543,player_none,ISR_A,3 players
7544,player_none,ISR_A,3 players
7545,player_none,ISR_A,3 players
7546,player_none,ISR_A,3 players
7547,player_none,ISR_A,3 players
7548,player_none,ISR_A,3 players
7549,player_none,ISR_A,3 players
7550,player_none,ISR_A,3 players
7551,player_none,ISR_A,3 players
7552,player_none,ISR_A,3 players
7553,player_none,ISR_A,3 players
7554,player_none,ISR_A,3 players
7555,player_none,ISR_A,3 players
7556,player_none,ISR_A,3 players
7557,player_none,ISR_A,3 players
7558,player_none,ISR_A,3 players
7559,player_none,ISR_A,3 players
7560,player_none,ISR_A,3 players
7561,player_none,ISR_A,3 players
7562,player_none,ISR_A,3 players
7563,player_none,ISR_A,3 players
7564,player_none,ISR_A,3 players
7565,player_none,ISR_A,3 players
7566,player_none,ISR_A,3 players
7567,player_none,ISR_A,3 players
7568,player_none,ISR_A,3 players
7569,player_none,ISR_A,3 players
7570,player_none,ISR_A,3 players
7571,player_none,ISR_A,3 players
7572,player_none,ISR_A,3 players
7573,player_none,ISR_A,3 players
7574,player_none,ISR_A,3 players
7575,player_none,ISR_A,3 players
7576,player_none,ISR_A,3 players
7577,player_none,ISR_A,3 players
7578,player_none,ISR_A,3 players
7579,player_none,ISR_A,3 players
7580,player_none,ISR_A,3 players
7581,player_none,ISR_A,3 players
7582,player_none,ISR_A,3 players
7583,player_none,ISR_A,3 players
7584,player_none,ISR_A,3 players
7585,player_none,ISR_A,3 players
7586,player_none,ISR_A,3 players
7587,player_none,ISR_A,3 players
7588,player_none,ISR_A,3 players
7589,player_none,ISR_A,3 players
7590,player_none,ISR_A,3 players
7591,player_none,ISR_A,3 players
7592,player_none,ISR_A,3 players
7593,player_none,ISR_A,3 players
7594,player_none,ISR_A,3 players
7595,player_none,ISR_A,3 players
7596,player_none,ISR_A,3 players
7597,player_none,ISR_A,3 players
7598,player_none,ISR_A,3 players
7599,player_none,ISR_A,3 players
7600,player_none,ISR_A,3 players
7601,player_none,ISR_A,3 players
7602,player_none,ISR_A,3 players
7603,player_none,ISR_A,3 players
7604,player_none,ISR_A,3 players
7605,player_none,ISR_A,3 players
7606,player_none,ISR_A,3 players
7607,player_none,ISR_A,3 players
7608,player_none,ISR_A,3 players
7609,player_none,ISR_A,3 players
7610,player_none,ISR_A,3 players
7611,player_none,ISR_A,3 players
7612,player_none,ISR_A,3 players
7613,player_none,ISR_A,3 players
7614,player_none,ISR_A,3 players
7615,player_none,ISR_A,3 players
7616,player_none,ISR_A,3 players
7617,player_none,ISR_A,3 players
7618,player_none,ISR_A,3 players
7619,player_none,ISR_A,3 players
7620,player_none,ISR_A,3 players
7621,player_none,ISR_A,3 players
7622,player_none,ISR_A,3 players
7623,player_none,ISR_A,3 players
7624,player_none,ISR_A,3 players
7625,player_none,ISR_A,3 players
7626,player_none,ISR_A,3 players
7627,player_none,ISR_A,3 players
7628,player_none,ISR_A,3 players
7629,player_none,ISR_A,3 players
7630,player_none,ISR_A,3 players
7631,player_none,ISR_A,3 players
7632,player_none,ISR_A,3 players
7633,player_none,ISR_A,3 players
7634,player_none,ISR_A,3 players
7635,player_none,ISR_A,3 players
7636,player_none,ISR_A,3 players
7637,player_none,ISR_A,3 players
7638,player_none,ISR_A,3 players
7639,player_none,ISR_A,3 players
7640,player_none,ISR_A,3 players
7641,player_none,ISR_A,3 players
7642,player_none,ISR_A,3 players
7643,player_none,ISR_A,3 players
7644,player_none,ISR_A,3 players
7645,player_none,ISR_A,3 players
7646,player_none,ISR_A,3 players
7647,player_none,ISR_A,3 players
7648,player_none,ISR_A,3 players
7649,player_none,ISR_A,3 players
7650,player_none,ISR_A,3 players
7651,player_none,ISR_A,3 players
7652,player_none,ISR_A,3 players
7653,player_none,ISR_A,3 players
7654,player_none,ISR_A,3 players
7655,player_none,ISR_A,3 players
7656,player_none,ISR_A,3 players
7657,player_none,ISR_A,3 players
7658,player_none,ISR_A,3 players
7659,player_none,ISR_A,3 players
7660,player_none,ISR_A,3 players
7661,player_none,ISR_A,3 players
7662,player_none,ISR_A,3 players
7663,player_none,ISR_A,3 players
7664,player_none,ISR_A,3 players
7665,player_none,ISR_A,3 players
7666,player_none,ISR_A,3 players
7667,player_none,ISR_A,3 players
7668,player_none,ISR_A,3 players
7669,player_none,ISR_A,3 players
7670,player_none,ISR_A,3 players
7671,player_none,ISR_A,3 players
7672,player_none,ISR_A,3 players
7673,player_none,ISR_A,3 players
7674,player_none,ISR_A,3 players
7675,player_none,ISR_A,3 players
7676,player_none,ISR_A,3 players
7677,player_none,ISR_A,3 players
7678,player_none,ISR_A,3 players
7679,player_none,ISR_A,3 players
7680,player_none,ISR_A,3 players
7681,player_none,ISR_A,3 players
7682,player_none,ISR_A,3 players
7683,player_none,ISR_A,3 players
7684,player_none,ISR_A,3 players
7685,player_none,ISR_A,3 players
7686,player_none,ISR_A,3 players
7687,player_none,ISR_A,3 players
7688,player_none,ISR_A,3 players
7689,player_none,ISR_A,3 players
7690,player_none,ISR_A,3 players
7691,player_none,ISR_A,3 players
7692,player_none,ISR_A,3 players
7693,player_none,ISR_A,3 players
7694,player_none,ISR_A,3 players
7695,player_none,ISR_A,3 players
7696,player_none,ISR_A,3 players
7697,player_none,ISR_A,3 players
7698,player_none,ISR_A,3 players
7699,player_none,ISR_A,3 players
7700,player_none,ISR_A,3 players
7701,player_none,ISR_A,3 players
7702,player_none,ISR_A,3 players
7703,player_none,ISR_A,3 players
7704,player_none,ISR_A,3 players
7705,player_none,ISR_A,3 players
7706,player_none,ISR_A,3 players
7707,player_none,ISR_A,3 players
7708,player_none,ISR_A,3 players
7709,player_none,ISR_A,3 players
7710,player_none,ISR_A,3 players
7711,player_none,ISR_A,3 players
7712,player_none,ISR_A,3 players
7713,player_none,ISR_A,3 players
7714,player_none,ISR_A,3 players
7715,player_none,ISR_A,3 players
7716,player_none,ISR_A,3 players
7717,player_none,ISR_A,3 players
7718,player_none,ISR_A,3 players
7719,player_none,ISR_A,3 players
7720,player_none,ISR_A,3 players
7721,player_none,ISR_A,3 players
7722,player_none,ISR_A,3 players
7723,player_none,ISR_A,3 players
7724,player_none,ISR_A,3 players
7725,player_none,ISR_A,3 players
7726,player_none,ISR_A,3 players
7727,player_none,ISR_A,3 players
7728,player_none,ISR_A,3 players
7729,player_none,ISR_A,3 players
7730,player_none,ISR_A,3 players
7731,player_none,ISR_A,3 players
7732,player_none,ISR_A,3 players
7733,player_none,ISR_A,3 players
7734,player_none,ISR_A,3 players
7735,player_none,ISR_A,3 players
7736,player_none,ISR_A,3 players
8025,player_none,BRA_B+ISR_A+ISR_B,1 players
8026,player_none,BRA_B+ISR_A+ISR_B,1 players
8027,player_none,BRA_B+ISR_A+ISR_B,1 players
8028,player_none,BRA_B+ISR_A+ISR_B,1 players
8029,player_none,BRA_B+ISR_A+ISR_B,1 players
8030,player_none,BRA_B+ISR_A+ISR_B,1 players
8031,player_none,BRA_B+ISR_A+ISR_B,1 players
8032,player_none,BRA_B+ISR_A+ISR_B,1 players
8033,player_none,BRA_B+ISR_A+ISR_B,1 players
8034,player_none,BRA_B+ISR_A+ISR_B,1 players
8035,player_none,BRA_B+ISR_A+ISR_B,1 players
8036,player_none,BRA_B+ISR_A+ISR_B,1 players
8037,player_none,BRA_B+ISR_A+ISR_B,1 players
8038,player_none,BRA_B+ISR_A+ISR_B,1 players
8039,player_none,BRA_B+ISR_A+ISR_B,1 players
8040,player_none,BRA_B+ISR_A+ISR_B,1 players
8041,player_none,BRA_B+ISR_A+ISR_B,1 players
8122,pose_edge,BRA_B,6/25 joints
8123,pose_edge,BRA_B,7/25 joints
8124,pose_edge,BRA_B,2/25 joints
8125,pose_edge,BRA_B,3/25 joints
8126,pose_edge,BRA_B,2/25 joints
8127,pose_edge,BRA_B,3/25 joints
8128,pose_edge,BRA_B,3/25 joints
8129,pose_edge,BRA_B,0/25 joints
8130,pose_edge,BRA_B,2/25 joints
8131,pose_edge,BRA_B,4/25 joints
8132,pose_edge,BRA_B,5/25 joints
8133,pose_edge,BRA_B,5/25 joints
8134,pose_edge,BRA_B,9/25 joints
8135,pose_edge,BRA_B,10/25 joints
8136,pose_edge,BRA_B,4/25 joints
8137,pose_edge,BRA_B,8/25 joints
8138,pose_edge,BRA_B,2/25 joints
8139,pose_edge,BRA_B,4/25 joints
8140,pose_edge,BRA_B,1/25 joints
8141,pose_edge,BRA_B,6/25 joints
8142,pose_edge,BRA_B,8/25 joints
8143,pose_edge,BRA_B,8/25 joints
8144,pose_edge,BRA_B,4/25 joints
8145,pose_edge,BRA_B,2/25 joints
8146,pose_edge,BRA_B,9/25 joints
8147,pose_edge,BRA_B,11/25 joints
8251,pose_weak,BRA_A,8/25 joints
8253,pose_weak,BRA_A,11/25 joints
8254,pose_weak,BRA_A,0/25 joints
8255,pose_weak,BRA_A,0/25 joints
8256,pose_weak,BRA_A,0/25 joints
8257,pose_weak,BRA_A,0/25 joints
8258,pose_weak,BRA_A,1/25 joints
8259,pose_weak,BRA_A,4/25 joints
8260,pose_weak,BRA_A,2/25 joints
8261,pose_weak,BRA_A,0/25 joints
8262,pose_weak,BRA_A,0/25 joints
8263,pose_weak,BRA_A,0/25 joints
8264,pose_weak,BRA_A,4/25 joints
8270,pose_weak,BRA_A,7/25 joints
8271,pose_weak,BRA_A,3/25 joints
8272,pose_weak,BRA_A,0/25 joints
8273,pose_weak,BRA_A,0/25 joints
8274,pose_weak,BRA_A,0/25 joints
8275,pose_weak,BRA_A,0/25 joints
8276,pose_weak,BRA_A,0/25 joints
8277,pose_weak,BRA_A,0/25 joints
8278,pose_weak,BRA_A,1/25 joints
8279,pose_weak,BRA_A,2/25 joints
8280,pose_weak,BRA_A,0/25 joints
8281,pose_weak,BRA_A,1/25 joints
8282,pose_weak,BRA_A,0/25 joints
8283,pose_weak,BRA_A,0/25 joints
8284,pose_weak,BRA_A,0/25 joints
8285,pose_weak,BRA_A,0/25 joints
8286,pose_weak,BRA_A,0/25 joints
8287,pose_weak,BRA_A,0/25 joints
8288,pose_weak,BRA_A,0/25 joints
8289,pose_weak,BRA_A,6/25 joints
8292,player_none,ISR_B,3 players
8293,player_none,ISR_B,3 players
8294,player_none,ISR_B,3 players
8295,player_none,ISR_B,3 players
8296,player_none,ISR_B,3 players
8297,player_none,BRA_B,3 players
8298,player_none,BRA_B,3 players
8299,player_none,BRA_B,3 players
8300,player_none,BRA_B,3 players
8301,player_none,BRA_B,3 players
8302,player_none,BRA_B,3 players
8303,player_none,BRA_B,3 players
8304,player_none,BRA_B,3 players
8305,player_none,BRA_B,3 players
8306,player_none,BRA_B,3 players
8307,player_none,BRA_B,3 players
8308,player_none,BRA_B,3 players
8309,player_none,BRA_B,3 players
8310,player_none,BRA_B,3 players
8311,player_none,BRA_B,3 players
8312,player_none,BRA_B,3 players
8313,player_none,BRA_B,3 players
8314,player_none,BRA_B,3 players
8315,player_none,BRA_B,3 players
8316,player_none,BRA_B,3 players
8317,player_none,BRA_B,3 players
8318,player_none,BRA_B,3 players
8319,player_none,BRA_B,3 players
8320,player_none,BRA_B,3 players
8321,player_none,BRA_B,3 players
8322,player_none,BRA_B,3 players
8323,player_none,BRA_B,3 players
8324,player_none,BRA_B,3 players
8325,player_none,BRA_B,3 players
8326,player_none,BRA_B,3 players
8461,pose_edge,BRA_B,10/25 joints
8462,pose_edge,BRA_B,8/25 joints
8463,pose_edge,BRA_B,8/25 joints
8464,pose_edge,BRA_B,10/25 joints
8635,pose_weak,BRA_B,11/25 joints
8734,player_none,BRA_B,3 players
8735,player_none,BRA_B,3 players
8736,player_none,BRA_B,3 players
8737,player_none,BRA_B,3 players
8738,player_none,BRA_B,3 players
9011,player_none,BRA_B,3 players
9012,player_none,BRA_B,3 players
9013,player_none,BRA_B,3 players
9014,player_none,BRA_B,3 players
9015,player_none,BRA_B,3 players
9016,player_none,BRA_B,3 players
9017,player_none,BRA_B,3 players
9018,player_none,BRA_B,3 players
9019,player_none,BRA_B,3 players
9020,player_none,BRA_B,3 players
9021,player_none,BRA_B,3 players
9022,player_none,BRA_B,3 players
9023,player_none,BRA_B,3 players
9024,player_none,BRA_B,3 players
9025,player_none,BRA_B,3 players
9026,player_none,BRA_B,3 players
9027,player_none,BRA_B,3 players
9028,player_none,BRA_B,3 players
9029,player_none,BRA_B,3 players
9030,player_none,BRA_B,3 players
9031,player_none,BRA_B,3 players
9032,player_none,BRA_B,3 players
9033,player_none,BRA_B,3 players
9034,player_none,BRA_B,3 players
9035,player_none,BRA_B,3 players
9036,player_none,BRA_B,3 players
9037,player_none,BRA_B,3 players
9038,player_none,BRA_B,3 players
9039,player_none,BRA_B,3 players
9040,player_none,BRA_B,3 players
9041,player_none,BRA_B,3 players
9042,player_none,BRA_B,3 players
9043,player_none,BRA_B,3 players
9044,player_none,BRA_B,3 players
9045,player_none,BRA_B,3 players
9208,player_none,BRA_B,3 players
9209,player_none,BRA_B,3 players
9210,player_none,BRA_B,3 players
9211,player_none,BRA_B,3 players
9212,player_none,BRA_B,3 players
9213,player_none,BRA_B,3 players
9214,player_none,BRA_B,3 players
9215,player_none,BRA_B,3 players
9216,player_none,BRA_B,3 players
9217,player_none,BRA_B,3 players
9218,player_none,BRA_B,3 players
9219,player_none,BRA_B,3 players
9220,player_none,BRA_B,3 players
9221,player_none,BRA_B,3 players
9222,player_none,BRA_B,3 players
9223,player_none,BRA_B,3 players
9224,player_none,BRA_B,3 players
9225,player_none,BRA_B,3 players
9226,player_none,BRA_B,3 players
9227,player_none,BRA_B,3 players
9228,player_none,BRA_B,3 players
9229,player_none,BRA_B,3 players
9230,player_none,BRA_B,3 players
9231,player_none,BRA_B,3 players
9232,player_none,BRA_B,3 players
9233,player_none,BRA_B,3 players
9233,pose_weak,ISR_B,11/25 joints
9234,player_none,BRA_B,3 players
9235,player_none,BRA_B,3 players
9236,player_none,BRA_B,3 players
9237,player_none,BRA_B,3 players
9238,player_none,BRA_B,3 players
9238,pose_weak,ISR_B,10/25 joints
9239,player_none,BRA_B,3 players
9239,pose_weak,ISR_B,10/25 joints
9240,player_none,BRA_B,3 players
9240,pose_weak,ISR_B,10/25 joints
9241,player_none,BRA_B,3 players
9241,pose_weak,ISR_B,10/25 joints
9242,player_none,BRA_B,3 players
9242,pose_weak,ISR_B,11/25 joints
9243,player_none,BRA_B,3 players
9243,pose_weak,ISR_B,11/25 joints
9244,player_none,BRA_B,3 players
9245,player_none,BRA_B,3 players
9246,player_none,BRA_B,3 players
9247,player_none,BRA_B,3 players
9248,player_none,BRA_B,3 players
9249,player_none,BRA_B,3 players
9250,player_none,BRA_B,3 players
9251,player_none,BRA_B,3 players
9252,player_none,BRA_B,3 players
9253,player_none,BRA_B,3 players
9254,player_none,BRA_B,3 players
9255,player_none,BRA_B,3 players
9256,player_none,BRA_B,3 players
9257,player_none,BRA_B,3 players
9258,player_none,BRA_B,3 players
9259,player_none,BRA_B,3 players
9260,player_none,BRA_B,3 players
9261,player_none,BRA_B,3 players
9262,player_none,BRA_B,3 players
9263,player_none,BRA_B,3 players
9264,player_none,BRA_B,3 players
9265,player_none,BRA_B,3 players
9266,player_none,BRA_B,3 players
9267,player_none,BRA_B,3 players
9268,player_none,BRA_B,3 players
9269,player_none,BRA_B,3 players
9270,player_none,BRA_B,3 players
9271,player_none,BRA_B,3 players
9272,player_none,BRA_B,3 players
9273,player_none,BRA_B,3 players
9274,player_none,BRA_B,3 players
9275,player_none,BRA_B,3 players
9276,player_none,BRA_B,3 players
9277,player_none,BRA_B,3 players
9278,player_none,BRA_B,3 players
9279,player_none,BRA_B,3 players
9280,player_none,BRA_B,3 players
9281,player_none,BRA_B,3 players
9282,player_none,BRA_B,3 players
9283,player_none,BRA_B,3 players
9284,player_none,BRA_B,3 players
9285,player_none,BRA_B,3 players
9286,player_none,BRA_B,3 players
9287,player_none,BRA_B,3 players
9288,player_none,BRA_B,3 players
9289,player_none,BRA_B,3 players
9290,player_none,BRA_B,3 players
9291,player_none,BRA_B,3 players
9292,player_none,BRA_B,3 players
9293,player_none,BRA_B,3 players
9294,player_none,BRA_B,3 players
9295,player_none,BRA_B,3 players
9296,player_none,BRA_B,3 players
9297,player_none,BRA_B,3 players
9298,player_none,BRA_B,3 players
9299,player_none,BRA_B,3 players
9300,player_none,BRA_B,3 players
9301,player_none,BRA_B,3 players
9302,player_none,BRA_B,3 players
9303,player_none,BRA_B,3 players
9304,player_none,BRA_B,3 players
9305,player_none,BRA_B,3 players
9306,player_none,BRA_B,3 players
9307,player_none,BRA_B,3 players
9308,player_none,BRA_B,3 players
9309,player_none,BRA_B,3 players
9310,player_none,BRA_B,3 players
9311,player_none,BRA_B,3 players
9312,player_none,BRA_B,3 players
9313,player_none,BRA_B,3 players
9314,player_none,BRA_B,3 players
9315,player_none,BRA_B,3 players
9316,player_none,BRA_B,3 players
9317,player_none,BRA_B,3 players
9318,player_none,BRA_B,3 players
9319,player_none,BRA_B,3 players
9320,player_none,BRA_B,3 players
9321,player_none,BRA_B,3 players
9321,pose_weak,ISR_B,11/25 joints
9322,player_none,BRA_B,3 players
9323,player_none,BRA_B,3 players
9324,player_none,BRA_B,3 players
9325,player_none,BRA_B,3 players
9326,player_none,BRA_B,3 players
9327,player_none,BRA_B,3 players
9328,player_none,BRA_B,3 players
9329,player_none,BRA_B,3 players
9330,player_none,BRA_B,3 players
9331,player_none,BRA_B,3 players
9332,player_none,BRA_B,3 players
9333,player_none,BRA_B,3 players
9334,player_none,BRA_B,3 players
9335,player_none,BRA_B,3 players
9336,player_none,BRA_B,3 players
9337,player_none,BRA_B,3 players
9338,player_none,BRA_B,3 players
9339,player_none,BRA_B,3 players
9340,player_none,BRA_B,3 players
9341,player_none,BRA_B,3 players
9342,player_none,BRA_B,3 players
9343,player_none,BRA_B,3 players
9344,player_none,BRA_B,3 players
9345,player_none,BRA_B,3 players
9346,player_none,BRA_B,3 players
9347,player_none,BRA_B,3 players
9348,player_none,BRA_B,3 players
9349,player_none,BRA_B,3 players
9350,player_none,BRA_B,3 players
9351,player_none,BRA_B,3 players
9352,player_none,BRA_B,3 players
9353,player_none,BRA_B,3 players
9354,player_none,BRA_B,3 players
9355,player_none,BRA_B,3 players
9356,player_none,BRA_B,3 players
9357,player_none,BRA_B,3 players
9358,player_none,BRA_B,3 players
9359,player_none,BRA_B,3 players
9360,player_none,BRA_B,3 players
9361,player_none,BRA_B,3 players
9362,player_none,BRA_B,3 players
9363,player_none,BRA_B,3 players
9364,player_none,BRA_B,3 players
9365,player_none,BRA_B,3 players
9366,player_none,BRA_B,3 players
9367,player_none,BRA_B,3 players
9368,player_none,BRA_B,3 players
9369,player_none,BRA_B,3 players
9370,player_none,BRA_B,3 players
9371,player_none,BRA_B,3 players
9372,player_none,BRA_B,3 players
9373,player_none,BRA_B,3 players
9374,player_none,BRA_B,3 players
9375,player_none,BRA_B,3 players
9376,player_none,BRA_B,3 players
9377,player_none,BRA_B,3 players
9378,player_none,BRA_B,3 players
9567,pose_edge,BRA_B,4/25 joints
9568,pose_edge,BRA_B,5/25 joints
9569,pose_edge,BRA_B,0/25 joints
9570,pose_edge,BRA_B,0/25 joints
9571,pose_edge,BRA_B,8/25 joints
9572,pose_edge,BRA_B,2/25 joints
9573,pose_edge,BRA_B,1/25 joints
9574,pose_edge,BRA_B,10/25 joints
9575,pose_edge,BRA_B,2/25 joints
9576,pose_edge,BRA_B,4/25 joints
9578,pose_edge,BRA_B,9/25 joints
9579,pose_edge,BRA_B,3/25 joints
9580,pose_edge,BRA_B,9/25 joints
9581,pose_edge,BRA_B,9/25 joints
9582,pose_edge,BRA_B,7/25 joints
9584,pose_edge,BRA_B,5/25 joints
9585,pose_edge,BRA_B,1/25 joints
9586,pose_edge,BRA_B,9/25 joints
9587,pose_edge,BRA_B,8/25 joints
9588,pose_edge,BRA_B,10/25 joints
9589,pose_edge,BRA_B,6/25 joints
9651,pose_weak,BRA_B,0/25 joints
9652,pose_weak,BRA_B,10/25 joints
9655,pose_weak,BRA_B,9/25 joints
9660,pose_weak,BRA_B,10/25 joints
9815,player_none,ISR_A,3 players
9816,player_none,ISR_A,3 players
9817,player_none,ISR_A,3 players
9818,player_none,ISR_A,3 players
9819,player_none,ISR_A,3 players
9820,player_none,ISR_A,3 players
9821,player_none,ISR_A,3 players
9822,player_none,ISR_A,3 players
9823,player_none,ISR_A,3 players
9824,player_none,ISR_A,3 players
9825,player_none,ISR_A,3 players
9826,player_none,ISR_A,3 players
9827,player_none,ISR_A,3 players
9828,player_none,ISR_A,3 players
9829,player_none,ISR_A,3 players
9830,player_none,ISR_A,3 players
9831,player_none,ISR_A,3 players
9832,player_none,ISR_A,3 players
9833,player_none,ISR_A,3 players
9834,player_none,ISR_A,3 players
9835,player_none,ISR_A,3 players
9836,player_none,ISR_A,3 players
9837,player_none,ISR_A,3 players
9838,player_none,ISR_A,3 players
9839,player_none,ISR_A,3 players
9840,player_none,ISR_A,3 players
9841,player_none,ISR_A,3 players
9842,player_none,ISR_A,3 players
9843,player_none,ISR_A,3 players
9844,player_none,ISR_A,3 players
9845,player_none,ISR_A,3 players
9846,player_none,ISR_A,3 players
9847,player_none,ISR_A,3 players
9848,player_none,ISR_A,3 players
9849,player_none,ISR_A,3 players
9850,player_none,ISR_A,3 players
9851,player_none,ISR_A,3 players
9852,player_none,ISR_A,3 players
9853,player_none,ISR_A,3 players
9854,player_none,ISR_A,3 players
9855,player_none,ISR_A,3 players
9856,player_none,ISR_A,3 players
9857,player_none,ISR_A,3 players
9858,player_none,ISR_A,3 players
9859,player_none,ISR_A,3 players
9860,player_none,ISR_A,3 players
9861,player_none,ISR_A,3 players
9862,player_none,ISR_A,3 players
9863,player_none,ISR_A,3 players
9864,player_none,ISR_A,3 players
9865,player_none,ISR_A,3 players
9866,player_none,ISR_A,3 players
9867,player_none,ISR_A,3 players
9868,player_none,ISR_A,3 players
9869,player_none,ISR_A,3 players
9870,player_none,ISR_A,3 players
9871,player_none,ISR_A,3 players
9872,player_none,ISR_A,3 players
9873,player_none,ISR_A,3 players
9874,player_none,ISR_A,3 players
9875,player_none,ISR_A,3 players
9876,player_none,ISR_A,3 players
9877,player_none,ISR_A,3 players
9878,player_none,ISR_A,3 players
9879,player_none,ISR_A,3 players
9880,player_none,ISR_A,3 players
9881,player_none,ISR_A,3 players
9882,player_none,ISR_A,3 players
9883,player_none,ISR_A,3 players
9884,player_none,ISR_A,3 players
9885,player_none,ISR_A,3 players
9886,player_none,ISR_A,3 players
9887,player_none,ISR_A,3 players
10061,ball_hidden,ball,gap 10061-10073
10062,ball_hidden,ball,gap 10061-10073
10063,ball_hidden,ball,gap 10061-10073
10064,ball_hidden,ball,gap 10061-10073
10065,ball_hidden,ball,gap 10061-10073
10066,ball_hidden,ball,gap 10061-10073
10067,ball_hidden,ball,gap 10061-10073
10068,ball_hidden,ball,gap 10061-10073
10069,ball_hidden,ball,gap 10061-10073
10070,ball_hidden,ball,gap 10061-10073
10071,ball_hidden,ball,gap 10061-10073
10072,ball_hidden,ball,gap 10061-10073
10073,ball_hidden,ball,gap 10061-10073
10120,pose_weak,ISR_B,5/25 joints
10121,pose_weak,ISR_B,2/25 joints
10122,pose_weak,ISR_B,0/25 joints
10123,pose_weak,ISR_B,0/25 joints
10124,pose_weak,ISR_B,0/25 joints
10125,pose_weak,ISR_B,0/25 joints
10126,pose_weak,ISR_B,5/25 joints
10127,pose_weak,ISR_A,10/25 joints
10127,pose_weak,ISR_B,11/25 joints
10128,pose_weak,ISR_A,1/25 joints
10129,pose_weak,ISR_A,0/25 joints
10130,pose_weak,ISR_A,0/25 joints
10131,pose_weak,ISR_A,0/25 joints
10132,pose_weak,ISR_A,0/25 joints
10133,pose_weak,ISR_A,0/25 joints
10137,pose_weak,ISR_A,0/25 joints
10138,pose_weak,ISR_A,0/25 joints
10139,pose_weak,ISR_A,0/25 joints
10140,pose_weak,ISR_A,0/25 joints
10141,pose_weak,ISR_A,0/25 joints
10142,pose_weak,ISR_A,0/25 joints
10143,pose_weak,ISR_A,0/25 joints
10144,pose_weak,ISR_A,9/25 joints
10145,pose_weak,ISR_A,10/25 joints
10171,player_none,ISR_A,3 players
10172,player_none,ISR_A,3 players
10173,player_none,ISR_A,3 players
10174,player_none,ISR_A,3 players
10175,player_none,ISR_A,3 players
10176,player_none,ISR_A,3 players
10177,player_none,ISR_A,3 players
10178,player_none,ISR_A,3 players
10179,player_none,ISR_A,3 players
10180,player_none,ISR_A,3 players
10181,player_none,ISR_A,3 players
10182,player_none,ISR_A,3 players
10183,player_none,ISR_A,3 players
10184,player_none,ISR_A,3 players
10185,player_none,ISR_A,3 players
10186,player_none,ISR_A,3 players
10187,player_none,ISR_A,3 players
10188,player_none,ISR_A,3 players
10189,player_none,ISR_A,3 players
10190,player_none,ISR_A,3 players
10191,player_none,ISR_A,3 players
10192,player_none,ISR_A,3 players
10193,player_none,ISR_A,3 players
10194,player_none,ISR_A,3 players
10195,player_none,ISR_A,3 players
10196,player_none,ISR_A,3 players
10197,player_none,ISR_A,3 players
10198,player_none,ISR_A,3 players
10199,player_none,ISR_A,3 players
10200,player_none,ISR_A,3 players
10201,player_none,ISR_A,3 players
10202,player_none,ISR_A,3 players
10203,player_none,ISR_A,3 players
10204,player_none,ISR_A,3 players
10205,player_none,ISR_A,3 players
10206,player_none,ISR_A,3 players
10207,player_none,ISR_A,3 players
10208,player_none,ISR_A,3 players
10209,player_none,ISR_A,3 players
10210,player_none,ISR_A,3 players
10211,player_none,ISR_A,3 players
10212,player_none,ISR_A,3 players
10213,player_none,ISR_A,3 players
10214,player_none,ISR_A,3 players
10215,player_none,ISR_A,3 players
10216,player_none,ISR_A,3 players
10217,player_none,ISR_A,3 players
10218,player_none,ISR_A,3 players
10219,player_none,ISR_A,3 players
10220,player_none,ISR_A,3 players
10221,player_none,ISR_A,3 players
10222,player_none,ISR_A,3 players
10223,player_none,ISR_A,3 players
10224,player_none,ISR_A,3 players
10225,player_none,ISR_A,3 players
10226,player_none,ISR_A,3 players
10227,player_none,ISR_A,3 players
10228,player_none,ISR_A,3 players
10229,player_none,ISR_A,3 players
10230,player_none,ISR_A,3 players
10231,player_none,ISR_A,3 players
10232,player_none,ISR_A,3 players
10233,player_none,ISR_A,3 players
10234,player_none,ISR_A,3 players
10235,player_none,ISR_A,3 players
10236,player_none,ISR_A,3 players
10237,player_none,ISR_A,3 players
10238,player_none,ISR_A,3 players
10239,player_none,ISR_A,3 players
10240,player_none,ISR_A,3 players
10241,player_none,ISR_A,3 players
10242,player_none,ISR_A,3 players
10243,player_none,ISR_A,3 players
10244,player_none,ISR_A,3 players
10245,player_none,ISR_A,3 players
10246,player_none,ISR_A,3 players
10247,player_none,ISR_A,3 players
10248,player_none,ISR_A,3 players
10249,player_none,ISR_A,3 players
10250,player_none,ISR_A,3 players
10251,player_none,ISR_A,3 players
10252,player_none,ISR_A,3 players
10253,player_none,ISR_A,3 players
10254,player_none,ISR_A,3 players
10255,player_none,ISR_A,3 players
10256,player_none,ISR_A,3 players
10257,player_none,ISR_A,3 players
10258,player_none,ISR_A,3 players
10259,player_none,ISR_A,3 players
10260,player_none,ISR_A,3 players
10261,player_none,ISR_A,3 players
10262,player_none,ISR_A,3 players
10263,player_none,ISR_A,3 players
10264,player_none,ISR_A,3 players
10265,player_none,ISR_A,3 players
10266,player_none,ISR_A,3 players
10345,pose_weak,BRA_A,6/25 joints
10352,pose_weak,BRA_A,8/25 joints
10353,pose_weak,BRA_A,4/25 joints
10502,pose_weak,ISR_A,11/25 joints
10503,pose_weak,ISR_A,9/25 joints
10516,pose_weak,ISR_A,9/25 joints
10517,pose_weak,BRA_B,9/25 joints
10861,ball_hidden,ball,gap 10861-10875
10862,ball_hidden,ball,gap 10861-10875
10863,ball_hidden,ball,gap 10861-10875
10864,ball_hidden,ball,gap 10861-10875
10865,ball_hidden,ball,gap 10861-10875
10866,ball_hidden,ball,gap 10861-10875
10867,ball_hidden,ball,gap 10861-10875
10868,ball_hidden,ball,gap 10861-10875
10869,ball_hidden,ball,gap 10861-10875
10870,ball_hidden,ball,gap 10861-10875
10871,ball_hidden,ball,gap 10861-10875
10872,ball_hidden,ball,gap 10861-10875
10873,ball_hidden,ball,gap 10861-10875
10874,ball_hidden,ball,gap 10861-10875
10875,ball_hidden,ball,gap 10861-10875
10929,player_none,BRA_A,3 players
10930,player_none,BRA_A,3 players
10931,player_none,BRA_A,3 players
10932,player_none,BRA_A,3 players
10933,player_none,BRA_A,3 players
10934,player_none,BRA_A,3 players
10935,player_none,BRA_A,3 players
10936,player_none,BRA_A,3 players
10937,player_none,BRA_A,3 players
10938,player_none,BRA_A,3 players
10939,player_none,BRA_A,3 players
10940,player_none,BRA_A,3 players
10941,player_none,BRA_A,3 players
10942,player_none,BRA_A,3 players
10943,player_none,BRA_A,3 players
10944,player_none,BRA_A,3 players
10945,player_none,BRA_A,3 players
10946,player_none,BRA_A,3 players
10947,player_none,BRA_A,3 players
10948,player_none,BRA_A,3 players
10949,player_none,BRA_A,3 players
10950,player_none,BRA_A,3 players
10951,player_none,BRA_A,3 players
10952,player_none,BRA_A,3 players
10953,player_none,BRA_A,3 players
10954,player_none,ISR_B,3 players
10955,player_none,ISR_B,3 players
10956,player_none,ISR_B,3 players
10957,player_none,ISR_B,3 players
10958,player_none,ISR_B,3 players
10959,player_none,ISR_B,3 players
10960,player_none,ISR_B,3 players
10961,pose_edge,ISR_B,11/25 joints
11093,pose_weak,BRA_B,10/25 joints
11120,pose_weak,BRA_B,7/25 joints
11160,player_none,BRA_A,3 players
11161,player_none,BRA_A,3 players
11162,player_none,BRA_A,3 players
11163,player_none,BRA_A,3 players
11164,player_none,BRA_A,3 players
11165,player_none,BRA_A,3 players
11166,player_none,BRA_A,3 players
11167,player_none,BRA_A,3 players
11168,player_none,BRA_A,3 players
11169,player_none,BRA_A,3 players
11170,player_none,BRA_A,3 players
11171,player_none,BRA_A,3 players
11172,player_none,BRA_A,3 players
11173,player_none,BRA_A,3 players
11174,player_none,BRA_A,3 players
11175,player_none,BRA_A,3 players
11176,player_none,BRA_A,3 players
11177,player_none,BRA_A,3 players
11178,player_none,BRA_A,3 players
11179,player_none,BRA_A,3 players
11180,player_none,BRA_A,3 players
11181,player_none,BRA_A,3 players
11182,player_none,BRA_A,3 players
11183,player_none,BRA_A,3 players
11184,player_none,BRA_A,3 players
11185,player_none,BRA_A,3 players
11186,player_none,BRA_A,3 players
11187,player_none,BRA_A,3 players
11188,player_none,BRA_A,3 players
11189,player_none,BRA_A,3 players
11190,player_none,BRA_A,3 players
11191,player_none,BRA_A,3 players
11192,player_none,BRA_A,3 players
11193,player_none,BRA_A,3 players
11194,player_none,BRA_A,3 players
11195,player_none,BRA_A,3 players
11196,player_none,BRA_A,3 players
11197,player_none,BRA_A,3 players
11198,player_none,BRA_A,3 players
11199,player_none,BRA_A,3 players
11200,player_none,BRA_A,3 players
11201,player_none,BRA_A,3 players
11202,player_none,BRA_A,3 players
11203,player_none,BRA_A,3 players
11204,player_none,BRA_A,3 players
11205,player_none,BRA_A,3 players
11206,player_none,BRA_A,3 players
11207,player_none,BRA_A,3 players
11208,player_none,BRA_A,3 players
11209,player_none,BRA_A,3 players
11210,player_none,BRA_A,3 players
11211,player_none,BRA_A,3 players
11212,player_none,BRA_A,3 players
11213,player_none,BRA_A,3 players
11214,player_none,BRA_A,3 players
11215,player_none,BRA_A,3 players
11216,player_none,BRA_A,3 players
11217,player_none,BRA_A,3 players
11218,player_none,BRA_A,3 players
11219,player_none,BRA_A,3 players
11220,player_none,BRA_A,3 players
11221,player_none,BRA_A,3 players
11222,player_none,BRA_A,3 players
11223,player_none,BRA_A,3 players
11224,player_none,BRA_A,3 players
11225,player_none,BRA_A,3 players
11226,player_none,BRA_A,3 players
11227,player_none,BRA_A,3 players
11228,player_none,BRA_A,3 players
11229,player_none,BRA_A,3 players
11230,player_none,BRA_A,3 players
11231,player_none,BRA_A,3 players
11232,player_none,BRA_A,3 players
11435,pose_edge,ISR_B,4/25 joints
11436,player_none,ISR_B,3 players
11437,player_none,ISR_B,3 players
11438,player_none,ISR_B,3 players
11439,player_none,ISR_B,3 players
11440,player_none,ISR_B,3 players
11441,player_none,ISR_B,3 players
11442,player_none,ISR_B,3 players
11443,player_none,ISR_B,3 players
11444,player_none,ISR_B,3 players
11445,player_none,ISR_B,3 players
11446,player_none,ISR_B,3 players
11447,player_none,ISR_B,3 players
11448,player_none,ISR_B,3 players
11449,player_none,ISR_B,3 players
11450,player_none,ISR_B,3 players
11451,player_none,ISR_B,3 players
11452,player_none,ISR_B,3 players
11453,player_none,ISR_B,3 players
11454,player_none,ISR_B,3 players
11455,player_none,ISR_B,3 players
11456,player_none,ISR_B,3 players
11457,player_none,ISR_B,3 players
11458,player_none,ISR_B,3 players
11459,player_none,ISR_B,3 players
11460,player_none,ISR_B,3 players
11461,player_none,ISR_B,3 players
11462,player_none,ISR_B,3 players
11463,player_none,ISR_B,3 players
11464,player_none,ISR_B,3 players
11465,player_none,ISR_B,3 players
11466,player_none,ISR_B,3 players
11467,player_none,ISR_B,3 players
11468,player_none,ISR_B,3 players
11469,player_none,ISR_B,3 players
11470,player_none,BRA_A+ISR_B,2 players
11471,player_none,BRA_A+ISR_B,2 players
11472,player_none,BRA_A+ISR_B,2 players
11473,player_none,BRA_A+ISR_B,2 players
11474,player_none,BRA_A+ISR_B,2 players
11475,player_none,BRA_A+ISR_B,2 players
11476,player_none,BRA_A+ISR_B,2 players
11477,player_none,BRA_A+ISR_B,2 players
11478,player_none,BRA_A+ISR_B,2 players
11479,player_none,BRA_A+ISR_B,2 players
11480,player_none,BRA_A+ISR_B,2 players
11481,player_none,BRA_A+ISR_B,2 players
11482,player_none,BRA_A+ISR_B,2 players
11483,player_none,BRA_A+ISR_B,2 players
11484,player_none,BRA_A+ISR_B,2 players
11485,player_none,BRA_A+ISR_B,2 players
11486,player_none,BRA_A+ISR_B,2 players
11487,player_none,BRA_A+ISR_B,2 players
11488,player_none,BRA_A+ISR_B,2 players
11489,player_none,BRA_A+ISR_B,2 players
11490,player_none,BRA_A+ISR_B,2 players
11491,player_none,BRA_A+ISR_B,2 players
11492,player_none,BRA_A+ISR_B,2 players
11493,player_none,BRA_A+ISR_B,2 players
11494,player_none,BRA_A+ISR_B,2 players
11495,player_none,BRA_A+ISR_B,2 players
11496,player_none,BRA_A+ISR_B,2 players
11497,player_none,BRA_A+ISR_B,2 players
11498,player_none,BRA_A+ISR_B,2 players
11499,player_none,BRA_A+ISR_B,2 players
11500,player_none,BRA_A+ISR_B,2 players
11501,player_none,BRA_A+ISR_B,2 players
11502,player_none,BRA_A+ISR_B,2 players
11503,player_none,BRA_A+ISR_B,2 players
11504,player_none,BRA_A+ISR_B,2 players
11505,player_none,BRA_A+ISR_B,2 players
11506,player_none,BRA_A+ISR_B,2 players
11507,player_none,BRA_A+ISR_B,2 players
11508,player_none,BRA_A+ISR_B,2 players
11509,player_none,BRA_A+ISR_B,2 players
11510,player_none,BRA_A+ISR_B,2 players
11511,player_none,BRA_A+ISR_B,2 players
11512,player_none,BRA_A+ISR_B,2 players
11513,player_none,BRA_A+ISR_B,2 players
11514,player_none,BRA_A+ISR_B,2 players
11515,player_none,BRA_A+ISR_B,2 players
11516,player_none,BRA_A+ISR_B,2 players
11517,player_none,BRA_A+ISR_B,2 players
11518,player_none,BRA_A+ISR_B,2 players
11519,player_none,BRA_A+ISR_B,2 players
11520,player_none,BRA_A+ISR_B,2 players
11521,player_none,BRA_A+ISR_B,2 players
11522,player_none,BRA_A+ISR_B,2 players
11523,player_none,BRA_A+ISR_B,2 players
11524,player_none,BRA_A+ISR_B,2 players
11525,player_none,BRA_A+ISR_B,2 players
11526,player_none,BRA_A+ISR_B,2 players
11527,player_none,BRA_A+ISR_B,2 players
11528,player_none,BRA_A+ISR_B,2 players
11529,player_none,BRA_A+ISR_B,2 players
11530,player_none,BRA_A+ISR_B,2 players
11531,player_none,BRA_A+ISR_B,2 players
11532,player_none,BRA_A+ISR_B,2 players
11533,player_none,BRA_A+ISR_B,2 players
11534,player_none,BRA_A+ISR_B,2 players
11535,player_none,BRA_A+ISR_B,2 players
11536,player_none,BRA_A+ISR_B,2 players
11537,player_none,BRA_A+ISR_B,2 players
11538,player_none,BRA_A+ISR_B,2 players
11539,player_none,BRA_A+ISR_B,2 players
11540,player_none,BRA_A+ISR_B,2 players
11541,player_none,BRA_A+ISR_B,2 players
11542,player_none,BRA_A+ISR_B,2 players
11543,player_none,BRA_A+ISR_B,2 players
11544,player_none,BRA_A+ISR_B,2 players
11545,player_none,BRA_A+ISR_B,2 players
11546,player_none,BRA_A+ISR_B,2 players
11547,player_none,BRA_A+ISR_B,2 players
11548,player_none,BRA_A+ISR_B,2 players
11549,player_none,BRA_A+ISR_B,2 players
11550,player_none,BRA_A+ISR_B,2 players
11551,player_none,BRA_A+ISR_B,2 players
11552,player_none,BRA_A+ISR_B,2 players
11553,player_none,BRA_A+ISR_B,2 players
11554,player_none,BRA_A+ISR_B,2 players
11555,player_none,BRA_A+ISR_B,2 players
11556,player_none,BRA_A+ISR_B,2 players
11557,player_none,BRA_A+ISR_B,2 players
11558,player_none,BRA_A+ISR_B,2 players
11559,player_none,BRA_A+ISR_B,2 players
11560,player_none,BRA_A+ISR_B,2 players
11561,player_none,BRA_A+ISR_B,2 players
11562,player_none,BRA_A+ISR_B,2 players
11563,player_none,BRA_A+ISR_B,2 players
11564,player_none,BRA_A+ISR_B,2 players
11565,player_none,BRA_A+ISR_B,2 players
11566,player_none,BRA_A+ISR_B,2 players
11567,player_none,BRA_A+ISR_B,2 players
11568,player_none,BRA_A+ISR_B,2 players
11569,player_none,BRA_A+ISR_B,2 players
12310,player_none,BRA_A,3 players
12311,player_none,BRA_A,3 players
12312,player_none,BRA_A,3 players
12313,player_none,BRA_A,3 players
12314,player_none,BRA_A,3 players
12315,player_none,BRA_A,3 players
12316,player_none,BRA_A,3 players
12317,player_none,BRA_A,3 players
12318,player_none,BRA_A,3 players
12319,player_none,BRA_A,3 players
12320,player_none,BRA_A,3 players
12321,player_none,BRA_A,3 players
12322,player_none,BRA_A,3 players
12323,player_none,BRA_A,3 players
12324,player_none,BRA_A,3 players
12325,player_none,BRA_A,3 players
12326,player_none,BRA_A,3 players
12327,player_none,BRA_A,3 players
12328,player_none,BRA_A,3 players
12329,player_none,BRA_A,3 players
12330,player_none,BRA_A,3 players
12451,player_none,ISR_B,3 players
12452,player_none,ISR_B,3 players
12453,player_none,ISR_B,3 players
12454,player_none,ISR_B,3 players
12455,player_none,ISR_B,3 players
12456,player_none,ISR_B,3 players
12457,player_none,ISR_B,3 players
12458,player_none,ISR_B,3 players
12459,player_none,ISR_B,3 players
12460,player_none,ISR_B,3 players
12759,player_none,BRA_A,3 players
12760,player_none,BRA_A,3 players
12761,player_none,BRA_A,3 players
12762,player_none,BRA_A,3 players
12763,player_none,BRA_A,3 players
12764,player_none,BRA_A,3 players
12765,player_none,BRA_A,3 players
12766,player_none,BRA_A,3 players
12767,player_none,BRA_A,3 players
12768,player_none,BRA_A,3 players
12769,player_none,BRA_A,3 players
12770,player_none,BRA_A,3 players
12771,player_none,BRA_A,3 players
12772,player_none,BRA_A,3 players
12773,player_none,BRA_A,3 players
12774,player_none,BRA_A,3 players
12775,player_none,BRA_A,3 players
12776,player_none,BRA_A,3 players
12777,player_none,BRA_A,3 players
12778,player_none,BRA_A,3 players
12779,player_none,BRA_A,3 players
12780,player_none,BRA_A,3 players
12781,player_none,BRA_A,3 players
12782,player_none,BRA_A,3 players
12783,player_none,BRA_A,3 players
12784,player_none,BRA_A,3 players
12785,player_none,BRA_A,3 players
12786,player_none,BRA_A,3 players
12787,player_none,BRA_A,3 players
12788,player_none,BRA_A,3 players
12789,player_none,BRA_A,3 players
12790,player_none,BRA_A,3 players
12791,player_none,BRA_A,3 players
12792,player_none,BRA_A,3 players
12793,player_none,BRA_A,3 players
12794,player_none,BRA_A,3 players
12795,player_none,BRA_A,3 players
12796,player_none,BRA_A,3 players
12797,player_none,BRA_A,3 players
12798,player_none,BRA_A,3 players
12799,player_none,BRA_A,3 players
12800,player_none,BRA_A,3 players
13134,ball_hidden,ball,gap 13134-13140
13135,ball_hidden,ball,gap 13134-13140
13136,ball_hidden,ball,gap 13134-13140
13137,ball_hidden,ball,gap 13134-13140
13138,ball_hidden,ball,gap 13134-13140
13139,ball_hidden,ball,gap 13134-13140
13140,ball_hidden,ball,gap 13134-13140
13869,pose_weak,BRA_A,9/25 joints
14092,player_none,BRA_A,3 players
14093,player_none,BRA_A,3 players
14094,player_none,BRA_A,3 players
14095,player_none,BRA_A,3 players
14096,player_none,BRA_A,3 players
14097,player_none,BRA_A,3 players
14098,player_none,BRA_A,3 players
14099,player_none,BRA_A,3 players
14100,player_none,BRA_A,3 players
14101,player_none,BRA_A,3 players
14102,player_none,BRA_A,3 players
14103,player_none,BRA_A,3 players
14104,player_none,BRA_A,3 players
14105,player_none,BRA_A,3 players
14106,player_none,BRA_A,3 players
14107,player_none,BRA_A,3 players
14108,player_none,BRA_A,3 players
14109,player_none,BRA_A,3 players
14110,player_none,BRA_A,3 players
14111,player_none,BRA_A,3 players
14112,player_none,BRA_A,3 players
14313,ball_hidden,ball,gap 14313-14318
14314,ball_hidden,ball,gap 14313-14318
14315,ball_hidden,ball,gap 14313-14318
14316,ball_hidden,ball,gap 14313-14318
14317,ball_hidden,ball,gap 14313-14318
14318,ball_hidden,ball,gap 14313-14318
14339,pose_weak,ISR_B,10/25 joints
14340,pose_weak,ISR_B,11/25 joints
14344,pose_weak,ISR_B,10/25 joints
14348,player_none,ISR_B,3 players
14349,player_none,ISR_B,3 players
14350,player_none,ISR_B,3 players
14351,player_none,ISR_B,3 players
14352,player_none,ISR_B,3 players
14353,player_none,ISR_B,3 players
14354,player_none,ISR_B,3 players
14355,player_none,ISR_B,3 players
14356,player_none,ISR_B,3 players
14357,player_none,ISR_B,3 players
14358,player_none,ISR_B,3 players
14361,pose_edge,ISR_B,3/25 joints
14566,player_none,ISR_B,3 players
14567,player_none,ISR_B,3 players
14568,player_none,ISR_B,3 players
14569,player_none,ISR_B,3 players
14570,player_none,ISR_B,3 players
14571,player_none,ISR_B,3 players
14572,player_none,ISR_B,3 players
14573,player_none,ISR_B,3 players
14574,player_none,ISR_B,3 players
14575,player_none,ISR_B,3 players
14576,player_none,ISR_B,3 players
14577,player_none,ISR_B,3 players
14578,player_none,ISR_B,3 players
14579,player_none,ISR_B,3 players
14580,player_none,ISR_B,3 players
14581,player_none,ISR_B,3 players
14582,player_none,ISR_B,3 players
14583,player_none,ISR_B,3 players
14662,pose_weak,BRA_A,5/25 joints
14961,pose_weak,BRA_A,8/25 joints
15343,pose_weak,ISR_A,9/25 joints
15344,pose_weak,ISR_A,7/25 joints
15345,pose_weak,ISR_A,9/25 joints
