point_number,frame,v2_frame,time_sec,time,country,team,scorer_side,blue_side,yellow_side,side_lookup_frame,ISR_score_after,BRA_score_after,event_type,source,confidence,batch_id,batch_size,scoreboard_update_frame,scoreboard_update_time_sec,scoreboard_update_time,timestamp_precision,verification_note,frame_moved_out_of_dead_time
1,73,110,2.92,00:02.92,BRA,YELLOW,LEFT,RIGHT,LEFT,60,0,1,POINT,ORIGINAL,HIGH,,1,,,,EXACT_SCOREBOARD_CHANGE,,False
2,118,190,4.72,00:04.72,ISR,BLUE,RIGHT,RIGHT,LEFT,140,1,1,POINT,ORIGINAL,HIGH,,1,,,,EXACT_SCOREBOARD_CHANGE,,False
3,438,510,17.52,00:17.52,BRA,YELLOW,LEFT,RIGHT,LEFT,460,1,2,POINT,ORIGINAL,HIGH,,1,,,,EXACT_SCOREBOARD_CHANGE,,False
4,561,670,22.44,00:22.44,ISR,BLUE,RIGHT,RIGHT,LEFT,620,2,2,POINT,ORIGINAL,HIGH,,1,,,,EXACT_SCOREBOARD_CHANGE,,False
5,661,770,26.44,00:26.44,BRA,YELLOW,LEFT,RIGHT,LEFT,720,2,3,POINT,ORIGINAL,HIGH,,1,,,,EXACT_SCOREBOARD_CHANGE,,False
6,791,900,31.64,00:31.64,ISR,BLUE,RIGHT,RIGHT,LEFT,850,3,3,POINT,ORIGINAL,HIGH,,1,,,,EXACT_SCOREBOARD_CHANGE,,False
7,915,1060,36.6,00:36.60,BRA,YELLOW,RIGHT,LEFT,RIGHT,1010,3,4,POINT,ORIGINAL,HIGH,,1,,,,EXACT_SCOREBOARD_CHANGE,,False
8,1025,1170,41.0,00:41.00,ISR,BLUE,LEFT,LEFT,RIGHT,1120,4,4,POINT,ORIGINAL,HIGH,,1,,,,EXACT_SCOREBOARD_CHANGE,,False
9,1110,1300,44.4,00:44.40,BRA,YELLOW,RIGHT,LEFT,RIGHT,1250,4,5,POINT,ORIGINAL,HIGH,,1,,,,EXACT_SCOREBOARD_CHANGE,,False
10,1520,1760,60.8,01:00.80,ISR,BLUE,LEFT,LEFT,RIGHT,1585,5,5,BATCH_POINT,VISUAL_VERIFICATION,VERIFIED_BATCH_UPDATE,ISR_BATCH_01,2,1760.0,70.4,01:10.40,BATCH_ONLY,Visually verified scoreboard jump ISR 4->6. Two ISR points occurred before the same scoreboard update; individual point timestamps are not available.,True
11,1520,1760,60.8,01:00.80,ISR,BLUE,LEFT,LEFT,RIGHT,1710,6,5,BATCH_POINT,VISUAL_VERIFICATION,VERIFIED_BATCH_UPDATE,ISR_BATCH_01,2,1760.0,70.4,01:10.40,BATCH_ONLY,Visually verified scoreboard jump ISR 4->6. Two ISR points occurred before the same scoreboard update; individual point timestamps are not available.,True
12,1632,1990,65.28,01:05.28,ISR,BLUE,LEFT,LEFT,RIGHT,1940,7,5,POINT,ORIGINAL,HIGH,,1,,,,EXACT_SCOREBOARD_CHANGE,,False
13,1972,2330,78.88,01:18.88,BRA,YELLOW,LEFT,RIGHT,LEFT,2280,7,6,POINT,ORIGINAL,HIGH,,1,,,,EXACT_SCOREBOARD_CHANGE,,False
14,2059,2430,82.36,01:22.36,ISR,BLUE,RIGHT,RIGHT,LEFT,2380,8,6,REPAIRED_POINT,LOCAL_REPAIR,HIGH,,1,,,,EXACT_SCOREBOARD_CHANGE,,False
15,2259,2630,90.36,01:30.36,ISR,BLUE,RIGHT,RIGHT,LEFT,2580,9,6,POINT,ORIGINAL,HIGH,,1,,,,EXACT_SCOREBOARD_CHANGE,,False
16,2309,2700,92.36,01:32.36,BRA,YELLOW,LEFT,RIGHT,LEFT,2650,9,7,POINT,ORIGINAL,HIGH,,1,,,,EXACT_SCOREBOARD_CHANGE,,False
17,2554,2960,102.16,01:42.16,ISR,BLUE,RIGHT,RIGHT,LEFT,2910,10,7,POINT,ORIGINAL,HIGH,,1,,,,EXACT_SCOREBOARD_CHANGE,,False
18,2644,3050,105.76,01:45.76,BRA,YELLOW,LEFT,RIGHT,LEFT,3000,10,8,REPAIRED_POINT,LOCAL_REPAIR,HIGH,,1,,,,EXACT_SCOREBOARD_CHANGE,,False
19,2924,3330,116.96,01:56.96,BRA,YELLOW,RIGHT,LEFT,RIGHT,3280,10,9,POINT,ORIGINAL,HIGH,,1,,,,EXACT_SCOREBOARD_CHANGE,,False
20,3504,3970,140.16,02:20.16,BRA,YELLOW,RIGHT,LEFT,RIGHT,3920,10,10,POINT,ORIGINAL,HIGH,,1,,,,EXACT_SCOREBOARD_CHANGE,,True
21,3622,4090,144.88,02:24.88,BRA,YELLOW,RIGHT,LEFT,RIGHT,4040,10,11,POINT,ORIGINAL,HIGH,,1,,,,EXACT_SCOREBOARD_CHANGE,,False
22,3752,4220,150.08,02:30.08,BRA,YELLOW,RIGHT,LEFT,RIGHT,4170,10,12,POINT,ORIGINAL,HIGH,,1,,,,EXACT_SCOREBOARD_CHANGE,,False
23,3882,4350,155.28,02:35.28,ISR,BLUE,LEFT,LEFT,RIGHT,4300,11,12,POINT,ORIGINAL,HIGH,,1,,,,EXACT_SCOREBOARD_CHANGE,,False
24,4062,4580,162.48,02:42.48,BRA,YELLOW,RIGHT,LEFT,RIGHT,4530,11,13,POINT,ORIGINAL,HIGH,,1,,,,EXACT_SCOREBOARD_CHANGE,,True
25,4307,5020,172.28,02:52.28,BRA,YELLOW,LEFT,RIGHT,LEFT,4970,11,14,POINT,ORIGINAL,HIGH,,1,,,,EXACT_SCOREBOARD_CHANGE,,False
26,4607,5320,184.28,03:04.28,ISR,BLUE,RIGHT,RIGHT,LEFT,5270,12,14,POINT,ORIGINAL,HIGH,,1,,,,EXACT_SCOREBOARD_CHANGE,,False
27,5547,6260,221.88,03:41.88,BRA,YELLOW,LEFT,RIGHT,LEFT,6210,12,15,POINT,ORIGINAL,HIGH,,1,,,,EXACT_SCOREBOARD_CHANGE,,False
28,6057,6770,242.28,04:02.28,BRA,YELLOW,LEFT,RIGHT,LEFT,6720,12,16,POINT,ORIGINAL,HIGH,,1,,,,EXACT_SCOREBOARD_CHANGE,,False
29,6377,7090,255.08,04:15.08,BRA,YELLOW,LEFT,RIGHT,LEFT,7040,12,17,POINT,ORIGINAL,HIGH,,1,,,,EXACT_SCOREBOARD_CHANGE,,False
30,6517,7280,260.68,04:20.68,ISR,BLUE,RIGHT,RIGHT,LEFT,7230,13,17,POINT,ORIGINAL,HIGH,,1,,,,EXACT_SCOREBOARD_CHANGE,,True
31,6778,8050,271.12,04:31.12,BRA,YELLOW,RIGHT,LEFT,RIGHT,8000,13,18,SET_WIN,ORIGINAL,HIGH,,1,,,,EXACT_SCOREBOARD_CHANGE,,False
32,7001,8300,280.04,04:40.04,BRA,YELLOW,RIGHT,LEFT,RIGHT,8250,0,1,POINT,ORIGINAL,HIGH,,1,,,,EXACT_SCOREBOARD_CHANGE,,False
33,7407,8740,296.28,04:56.28,BRA,YELLOW,RIGHT,LEFT,RIGHT,8690,0,2,POINT,ORIGINAL,HIGH,,1,,,,EXACT_SCOREBOARD_CHANGE,,False
34,7797,9130,311.88,05:11.88,BRA,YELLOW,RIGHT,LEFT,RIGHT,9080,0,3,POINT,ORIGINAL,HIGH,,1,,,,EXACT_SCOREBOARD_CHANGE,,False
35,8018,9380,320.72,05:20.72,BRA,YELLOW,RIGHT,LEFT,RIGHT,9330,0,4,POINT,ORIGINAL,HIGH,,1,,,,EXACT_SCOREBOARD_CHANGE,,False
36,8302,9690,332.08,05:32.08,BRA,YELLOW,RIGHT,LEFT,RIGHT,9640,0,5,POINT,ORIGINAL,HIGH,,1,,,,EXACT_SCOREBOARD_CHANGE,,False
37,8417,9820,336.68,05:36.68,ISR,BLUE,LEFT,LEFT,RIGHT,9770,1,5,POINT,ORIGINAL,HIGH,,1,,,,EXACT_SCOREBOARD_CHANGE,,False
38,8730,10270,349.2,05:49.20,ISR,BLUE,RIGHT,RIGHT,LEFT,10220,2,5,POINT,ORIGINAL,HIGH,,1,,,,EXACT_SCOREBOARD_CHANGE,,False
39,9131,10720,365.24,06:05.24,BRA,YELLOW,LEFT,RIGHT,LEFT,10670,2,6,POINT,ORIGINAL,HIGH,,1,,,,EXACT_SCOREBOARD_CHANGE,,False
40,9331,10940,373.24,06:13.24,BRA,YELLOW,LEFT,RIGHT,LEFT,10890,2,7,POINT,ORIGINAL,HIGH,,1,,,,EXACT_SCOREBOARD_CHANGE,,True
41,9537,11160,381.48,06:21.48,BRA,YELLOW,LEFT,RIGHT,LEFT,11110,2,8,POINT,ORIGINAL,HIGH,,1,,,,EXACT_SCOREBOARD_CHANGE,,False
42,9807,11430,392.28,06:32.28,BRA,YELLOW,LEFT,RIGHT,LEFT,11380,2,9,REPAIRED_POINT,LOCAL_REPAIR,HIGH,,1,,,,EXACT_SCOREBOARD_CHANGE,,False
43,10047,11780,401.88,06:41.88,BRA,YELLOW,LEFT,RIGHT,LEFT,11730,2,10,POINT,ORIGINAL,HIGH,,1,,,,EXACT_SCOREBOARD_CHANGE,,False
44,10237,11970,409.48,06:49.48,BRA,YELLOW,RIGHT,LEFT,RIGHT,11920,2,11,REPAIRED_POINT,LOCAL_REPAIR,HIGH,,1,,,,EXACT_SCOREBOARD_CHANGE,,False
45,10507,12270,420.28,07:00.28,BRA,YELLOW,RIGHT,LEFT,RIGHT,12220,2,12,POINT,ORIGINAL,HIGH,,1,,,,EXACT_SCOREBOARD_CHANGE,,True
46,10636,12460,425.44,07:05.44,BRA,YELLOW,RIGHT,LEFT,RIGHT,12410,2,13,POINT,ORIGINAL,HIGH,,1,,,,EXACT_SCOREBOARD_CHANGE,,False
47,10935,12760,437.4,07:17.40,BRA,YELLOW,RIGHT,LEFT,RIGHT,12710,2,14,REPAIRED_POINT,LOCAL_REPAIR,HIGH,,1,,,,EXACT_SCOREBOARD_CHANGE,,True
48,11214,13080,448.56,07:28.56,ISR,BLUE,LEFT,LEFT,RIGHT,13030,3,14,POINT,ORIGINAL,HIGH,,1,,,,EXACT_SCOREBOARD_CHANGE,,False
49,11534,13446,461.36,07:41.36,ISR,BLUE,RIGHT,LEFT,RIGHT,13100,4,14,POINT,ORIGINAL,VERIFIED_BATCH_UPDATE,,2,,,,BATCH_ONLY,Scoreboard jump ISR 3->5 (and BRA 15->14 correction) at 13446; two ISR points share this update.,False
50,11534,13446,461.36,07:41.36,ISR,BLUE,RIGHT,RIGHT,LEFT,13400,5,14,BATCH_POINT,VISUAL_VERIFICATION,VERIFIED_BATCH_UPDATE,ISR_BATCH_02,2,13450.0,538.0,08:58.00,BATCH_ONLY,Scoreboard jump ISR 3->5 (and BRA 15->14 correction) at 13446; two ISR points share this update.,False
51,11875,13809,475.0,07:55.00,ISR,BLUE,RIGHT,RIGHT,LEFT,13420,6,14,BATCH_POINT,VISUAL_VERIFICATION,HIGH,ISR_BATCH_02,2,13450.0,538.0,08:58.00,EXACT_SCOREBOARD_CHANGE,"Corrected from scoreboard: at 13151 BRA briefly shown 15, reverted at 13446 to ISR 5 BRA 14; BRA 14->15 at 14093.",False
52,12159,14093,486.36,08:06.36,BRA,YELLOW,RIGHT,RIGHT,LEFT,13760,6,15,POINT,ORIGINAL,HIGH,,1,,,,EXACT_SCOREBOARD_CHANGE,"Corrected from scoreboard: at 13151 BRA briefly shown 15, reverted at 13446 to ISR 5 BRA 14; BRA 14->15 at 14093.",False
53,12431,14365,497.24,08:17.24,ISR,BLUE,RIGHT,RIGHT,LEFT,14315,7,15,POINT,ORIGINAL,HIGH,,1,,,,EXACT_SCOREBOARD_CHANGE,,False
54,12498,14450,499.92,08:19.92,BRA,YELLOW,LEFT,RIGHT,LEFT,14400,7,16,POINT,ORIGINAL,HIGH,,1,,,,EXACT_SCOREBOARD_CHANGE,,False
55,12618,14570,504.72,08:24.72,ISR,BLUE,RIGHT,RIGHT,LEFT,14520,8,16,POINT,ORIGINAL,HIGH,,1,,,,EXACT_SCOREBOARD_CHANGE,,False
56,12778,14730,511.12,08:31.12,ISR,BLUE,LEFT,LEFT,RIGHT,14680,9,16,POINT,ORIGINAL,HIGH,,1,,,,EXACT_SCOREBOARD_CHANGE,,False
57,12932,14900,517.28,08:37.28,ISR,BLUE,LEFT,LEFT,RIGHT,14850,10,16,POINT,ORIGINAL,HIGH,,1,,,,EXACT_SCOREBOARD_CHANGE,,False
58,13252,15220,530.08,08:50.08,BRA,YELLOW,RIGHT,LEFT,RIGHT,15170,10,17,POINT,ORIGINAL,HIGH,,1,,,,EXACT_SCOREBOARD_CHANGE,,False
59,13405,15410,536.2,08:56.20,ISR,BLUE,LEFT,LEFT,RIGHT,15360,11,17,POINT,ORIGINAL,HIGH,,1,,,,EXACT_SCOREBOARD_CHANGE,,False
60,13494,15585,539.76,08:59.76,BRA,YELLOW,RIGHT,LEFT,RIGHT,15535,11,18,SET_WIN,LOCAL_REPAIR,HIGH,,1,,,,EXACT_SCOREBOARD_CHANGE,,True
