point_number,frame,time_sec,time,country,team,scorer_side,blue_side,yellow_side,side_lookup_frame,ISR_score_after,BRA_score_after,event_type,source,confidence,batch_id,batch_size,scoreboard_update_frame,scoreboard_update_time_sec,scoreboard_update_time,timestamp_precision,verification_note
1,110,4.4,00:04.40,BRA,YELLOW,LEFT,RIGHT,LEFT,60,0,1,POINT,ORIGINAL,HIGH,,1,,,,EXACT_SCOREBOARD_CHANGE,
2,190,7.6,00:07.60,ISR,BLUE,RIGHT,RIGHT,LEFT,140,1,1,POINT,ORIGINAL,HIGH,,1,,,,EXACT_SCOREBOARD_CHANGE,
3,510,20.4,00:20.40,BRA,YELLOW,LEFT,RIGHT,LEFT,460,1,2,POINT,ORIGINAL,HIGH,,1,,,,EXACT_SCOREBOARD_CHANGE,
4,670,26.8,00:26.80,ISR,BLUE,RIGHT,RIGHT,LEFT,620,2,2,POINT,ORIGINAL,HIGH,,1,,,,EXACT_SCOREBOARD_CHANGE,
5,770,30.8,00:30.80,BRA,YELLOW,LEFT,RIGHT,LEFT,720,2,3,POINT,ORIGINAL,HIGH,,1,,,,EXACT_SCOREBOARD_CHANGE,
6,900,36.0,00:36.00,ISR,BLUE,RIGHT,RIGHT,LEFT,850,3,3,POINT,ORIGINAL,HIGH,,1,,,,EXACT_SCOREBOARD_CHANGE,
7,1060,42.4,00:42.40,BRA,YELLOW,RIGHT,LEFT,RIGHT,1010,3,4,POINT,ORIGINAL,HIGH,,1,,,,EXACT_SCOREBOARD_CHANGE,
8,1170,46.8,00:46.80,ISR,BLUE,LEFT,LEFT,RIGHT,1120,4,4,POINT,ORIGINAL,HIGH,,1,,,,EXACT_SCOREBOARD_CHANGE,
9,1300,52.0,00:52.00,BRA,YELLOW,RIGHT,LEFT,RIGHT,1250,4,5,POINT,ORIGINAL,HIGH,,1,,,,EXACT_SCOREBOARD_CHANGE,
10,1760,70.4,01:10.40,ISR,BLUE,LEFT,LEFT,RIGHT,1585,5,5,BATCH_POINT,VISUAL_VERIFICATION,VERIFIED_BATCH_UPDATE,ISR_BATCH_01,2,1760.0,70.4,01:10.40,BATCH_ONLY,Visually verified scoreboard jump ISR 4->6. Two ISR points occurred before the same scoreboard update; individual point timestamps are not available.
11,1760,70.4,01:10.40,ISR,BLUE,LEFT,LEFT,RIGHT,1710,6,5,BATCH_POINT,VISUAL_VERIFICATION,VERIFIED_BATCH_UPDATE,ISR_BATCH_01,2,1760.0,70.4,01:10.40,BATCH_ONLY,Visually verified scoreboard jump ISR 4->6. Two ISR points occurred before the same scoreboard update; individual point timestamps are not available.
12,1990,79.6,01:19.60,ISR,BLUE,LEFT,LEFT,RIGHT,1940,7,5,POINT,ORIGINAL,HIGH,,1,,,,EXACT_SCOREBOARD_CHANGE,
13,2330,93.2,01:33.20,BRA,YELLOW,LEFT,RIGHT,LEFT,2280,7,6,POINT,ORIGINAL,HIGH,,1,,,,EXACT_SCOREBOARD_CHANGE,
14,2430,97.2,01:37.20,ISR,BLUE,RIGHT,RIGHT,LEFT,2380,8,6,REPAIRED_POINT,LOCAL_REPAIR,HIGH,,1,,,,EXACT_SCOREBOARD_CHANGE,
15,2630,105.2,01:45.20,ISR,BLUE,RIGHT,RIGHT,LEFT,2580,9,6,POINT,ORIGINAL,HIGH,,1,,,,EXACT_SCOREBOARD_CHANGE,
16,2700,108.0,01:48.00,BRA,YELLOW,LEFT,RIGHT,LEFT,2650,9,7,POINT,ORIGINAL,HIGH,,1,,,,EXACT_SCOREBOARD_CHANGE,
17,2960,118.4,01:58.40,ISR,BLUE,RIGHT,RIGHT,LEFT,2910,10,7,POINT,ORIGINAL,HIGH,,1,,,,EXACT_SCOREBOARD_CHANGE,
18,3050,122.0,02:02.00,BRA,YELLOW,LEFT,RIGHT,LEFT,3000,10,8,REPAIRED_POINT,LOCAL_REPAIR,HIGH,,1,,,,EXACT_SCOREBOARD_CHANGE,
19,3330,133.2,02:13.20,BRA,YELLOW,RIGHT,LEFT,RIGHT,3280,10,9,POINT,ORIGINAL,HIGH,,1,,,,EXACT_SCOREBOARD_CHANGE,
20,3970,158.8,02:38.80,BRA,YELLOW,RIGHT,LEFT,RIGHT,3920,10,10,POINT,ORIGINAL,HIGH,,1,,,,EXACT_SCOREBOARD_CHANGE,
21,4090,163.6,02:43.60,BRA,YELLOW,RIGHT,LEFT,RIGHT,4040,10,11,POINT,ORIGINAL,HIGH,,1,,,,EXACT_SCOREBOARD_CHANGE,
22,4220,168.8,02:48.80,BRA,YELLOW,RIGHT,LEFT,RIGHT,4170,10,12,POINT,ORIGINAL,HIGH,,1,,,,EXACT_SCOREBOARD_CHANGE,
23,4350,174.0,02:54.00,ISR,BLUE,LEFT,LEFT,RIGHT,4300,11,12,POINT,ORIGINAL,HIGH,,1,,,,EXACT_SCOREBOARD_CHANGE,
24,4580,183.2,03:03.20,BRA,YELLOW,RIGHT,LEFT,RIGHT,4530,11,13,POINT,ORIGINAL,HIGH,,1,,,,EXACT_SCOREBOARD_CHANGE,
25,5020,200.8,03:20.80,BRA,YELLOW,LEFT,RIGHT,LEFT,4970,11,14,POINT,ORIGINAL,HIGH,,1,,,,EXACT_SCOREBOARD_CHANGE,
26,5320,212.8,03:32.80,ISR,BLUE,RIGHT,RIGHT,LEFT,5270,12,14,POINT,ORIGINAL,HIGH,,1,,,,EXACT_SCOREBOARD_CHANGE,
27,6260,250.4,04:10.40,BRA,YELLOW,LEFT,RIGHT,LEFT,6210,12,15,POINT,ORIGINAL,HIGH,,1,,,,EXACT_SCOREBOARD_CHANGE,
28,6770,270.8,04:30.80,BRA,YELLOW,LEFT,RIGHT,LEFT,6720,12,16,POINT,ORIGINAL,HIGH,,1,,,,EXACT_SCOREBOARD_CHANGE,
29,7090,283.6,04:43.60,BRA,YELLOW,LEFT,RIGHT,LEFT,7040,12,17,POINT,ORIGINAL,HIGH,,1,,,,EXACT_SCOREBOARD_CHANGE,
30,7280,291.2,04:51.20,ISR,BLUE,RIGHT,RIGHT,LEFT,7230,13,17,POINT,ORIGINAL,HIGH,,1,,,,EXACT_SCOREBOARD_CHANGE,
31,8050,322.0,05:22.00,BRA,YELLOW,RIGHT,LEFT,RIGHT,8000,13,18,SET_WIN,ORIGINAL,HIGH,,1,,,,EXACT_SCOREBOARD_CHANGE,
32,8300,332.0,05:32.00,BRA,YELLOW,RIGHT,LEFT,RIGHT,8250,0,1,POINT,ORIGINAL,HIGH,,1,,,,EXACT_SCOREBOARD_CHANGE,
33,8740,349.6,05:49.60,BRA,YELLOW,RIGHT,LEFT,RIGHT,8690,0,2,POINT,ORIGINAL,HIGH,,1,,,,EXACT_SCOREBOARD_CHANGE,
34,9130,365.2,06:05.20,BRA,YELLOW,RIGHT,LEFT,RIGHT,9080,0,3,POINT,ORIGINAL,HIGH,,1,,,,EXACT_SCOREBOARD_CHANGE,
35,9380,375.2,06:15.20,BRA,YELLOW,RIGHT,LEFT,RIGHT,9330,0,4,POINT,ORIGINAL,HIGH,,1,,,,EXACT_SCOREBOARD_CHANGE,
36,9690,387.6,06:27.60,BRA,YELLOW,RIGHT,LEFT,RIGHT,9640,0,5,POINT,ORIGINAL,HIGH,,1,,,,EXACT_SCOREBOARD_CHANGE,
37,9820,392.8,06:32.80,ISR,BLUE,LEFT,LEFT,RIGHT,9770,1,5,POINT,ORIGINAL,HIGH,,1,,,,EXACT_SCOREBOARD_CHANGE,
38,10270,410.8,06:50.80,ISR,BLUE,RIGHT,RIGHT,LEFT,10220,2,5,POINT,ORIGINAL,HIGH,,1,,,,EXACT_SCOREBOARD_CHANGE,
39,10720,428.8,07:08.80,BRA,YELLOW,LEFT,RIGHT,LEFT,10670,2,6,POINT,ORIGINAL,HIGH,,1,,,,EXACT_SCOREBOARD_CHANGE,
40,10940,437.6,07:17.60,BRA,YELLOW,LEFT,RIGHT,LEFT,10890,2,7,POINT,ORIGINAL,HIGH,,1,,,,EXACT_SCOREBOARD_CHANGE,
41,11160,446.4,07:26.40,BRA,YELLOW,LEFT,RIGHT,LEFT,11110,2,8,POINT,ORIGINAL,HIGH,,1,,,,EXACT_SCOREBOARD_CHANGE,
42,11430,457.2,07:37.20,BRA,YELLOW,LEFT,RIGHT,LEFT,11380,2,9,REPAIRED_POINT,LOCAL_REPAIR,HIGH,,1,,,,EXACT_SCOREBOARD_CHANGE,
43,11780,471.2,07:51.20,BRA,YELLOW,LEFT,RIGHT,LEFT,11730,2,10,POINT,ORIGINAL,HIGH,,1,,,,EXACT_SCOREBOARD_CHANGE,
44,11970,478.8,07:58.80,BRA,YELLOW,RIGHT,LEFT,RIGHT,11920,2,11,REPAIRED_POINT,LOCAL_REPAIR,HIGH,,1,,,,EXACT_SCOREBOARD_CHANGE,
45,12270,490.8,08:10.80,BRA,YELLOW,RIGHT,LEFT,RIGHT,12220,2,12,POINT,ORIGINAL,HIGH,,1,,,,EXACT_SCOREBOARD_CHANGE,
46,12460,498.4,08:18.40,BRA,YELLOW,RIGHT,LEFT,RIGHT,12410,2,13,POINT,ORIGINAL,HIGH,,1,,,,EXACT_SCOREBOARD_CHANGE,
47,12760,510.4,08:30.40,BRA,YELLOW,RIGHT,LEFT,RIGHT,12710,2,14,REPAIRED_POINT,LOCAL_REPAIR,HIGH,,1,,,,EXACT_SCOREBOARD_CHANGE,
48,13080,523.2,08:43.20,ISR,BLUE,LEFT,LEFT,RIGHT,13030,3,14,POINT,ORIGINAL,HIGH,,1,,,,EXACT_SCOREBOARD_CHANGE,
49,13446,537.84,08:57.84,ISR,BLUE,RIGHT,LEFT,RIGHT,13100,4,14,POINT,ORIGINAL,VERIFIED_BATCH_UPDATE,,2,,,,BATCH_ONLY,Scoreboard jump ISR 3->5 (and BRA 15->14 correction) at 13446; two ISR points share this update.
50,13446,537.84,08:57.84,ISR,BLUE,RIGHT,RIGHT,LEFT,13400,5,14,POINT,VISUAL_VERIFICATION,VERIFIED_BATCH_UPDATE,ISR_BATCH_02,2,13450.0,538.0,08:58.00,BATCH_ONLY,Scoreboard jump ISR 3->5 (and BRA 15->14 correction) at 13446; two ISR points share this update.
51,13809,552.36,09:12.36,ISR,BLUE,RIGHT,RIGHT,LEFT,13420,6,14,POINT,VISUAL_VERIFICATION,HIGH,ISR_BATCH_02,2,13450.0,538.0,08:58.00,EXACT_SCOREBOARD_CHANGE,"Corrected from scoreboard: at 13151 BRA briefly shown 15, reverted at 13446 to ISR 5 BRA 14; BRA 14->15 at 14093."
52,14093,563.72,09:23.72,BRA,YELLOW,RIGHT,RIGHT,LEFT,13760,6,15,POINT,ORIGINAL,HIGH,,1,,,,EXACT_SCOREBOARD_CHANGE,"Corrected from scoreboard: at 13151 BRA briefly shown 15, reverted at 13446 to ISR 5 BRA 14; BRA 14->15 at 14093."
53,14365,574.6,09:34.60,ISR,BLUE,RIGHT,RIGHT,LEFT,14315,7,15,POINT,ORIGINAL,HIGH,,1,,,,EXACT_SCOREBOARD_CHANGE,
54,14450,578.0,09:38.00,BRA,YELLOW,LEFT,RIGHT,LEFT,14400,7,16,POINT,ORIGINAL,HIGH,,1,,,,EXACT_SCOREBOARD_CHANGE,
55,14570,582.8,09:42.80,ISR,BLUE,RIGHT,RIGHT,LEFT,14520,8,16,POINT,ORIGINAL,HIGH,,1,,,,EXACT_SCOREBOARD_CHANGE,
56,14730,589.2,09:49.20,ISR,BLUE,LEFT,LEFT,RIGHT,14680,9,16,POINT,ORIGINAL,HIGH,,1,,,,EXACT_SCOREBOARD_CHANGE,
57,14900,596.0,09:56.00,ISR,BLUE,LEFT,LEFT,RIGHT,14850,10,16,POINT,ORIGINAL,HIGH,,1,,,,EXACT_SCOREBOARD_CHANGE,
58,15220,608.8,10:08.80,BRA,YELLOW,RIGHT,LEFT,RIGHT,15170,10,17,POINT,ORIGINAL,HIGH,,1,,,,EXACT_SCOREBOARD_CHANGE,
59,15410,616.4,10:16.40,ISR,BLUE,LEFT,LEFT,RIGHT,15360,11,17,POINT,ORIGINAL,HIGH,,1,,,,EXACT_SCOREBOARD_CHANGE,
60,15585,623.4,10:23.40,BRA,YELLOW,RIGHT,LEFT,RIGHT,15535,11,18,SET_WIN,LOCAL_REPAIR,HIGH,,1,,,,EXACT_SCOREBOARD_CHANGE,
