frame,time_sec,rally,ball_x,ball_y,ball_side,velocity_jump,note
109,4.36,2,951.0,366.8,NET,9.0,no skeleton within reach (sand / net / tracking glitch)
156,6.24,2,835.5,555.8,LEFT,22.8,no skeleton within reach (sand / net / tracking glitch)
163,6.52,2,1006.8,525.4,NET,9.6,no skeleton within reach (sand / net / tracking glitch)
197,7.88,2,1473.0,518.2,RIGHT,7.8,no skeleton within reach (sand / net / tracking glitch)
202,8.08,2,1494.8,512.3,RIGHT,10.3,no skeleton within reach (sand / net / tracking glitch)
455,18.2,4,1614.0,771.0,RIGHT,78.9,no skeleton within reach (sand / net / tracking glitch)
497,19.88,4,1074.0,328.8,RIGHT,9.5,no skeleton within reach (sand / net / tracking glitch)
507,20.28,4,314.8,452.2,LEFT,30.2,no skeleton within reach (sand / net / tracking glitch)
551,22.04,4,1500.0,169.3,RIGHT,9.9,no skeleton within reach (sand / net / tracking glitch)
561,22.44,4,1389.0,312.6,RIGHT,7.2,no skeleton within reach (sand / net / tracking glitch)
577,23.08,4,1257.0,206.6,RIGHT,10.6,no skeleton within reach (sand / net / tracking glitch)
595,23.8,4,1074.0,260.2,RIGHT,11.6,no skeleton within reach (sand / net / tracking glitch)
612,24.48,4,767.2,829.5,LEFT,41.0,no skeleton within reach (sand / net / tracking glitch)
630,25.2,4,738.0,923.3,LEFT,12.8,no skeleton within reach (sand / net / tracking glitch)
658,26.32,4,1176.0,820.5,RIGHT,13.1,no skeleton within reach (sand / net / tracking glitch)
670,26.8,4,604.8,162.2,LEFT,14.6,no skeleton within reach (sand / net / tracking glitch)
735,29.4,4,1228.5,648.8,RIGHT,40.6,no skeleton within reach (sand / net / tracking glitch)
775,31.0,4,1192.5,291.0,RIGHT,9.4,no skeleton within reach (sand / net / tracking glitch)
848,33.92,4,978.0,576.4,NET,24.9,no skeleton within reach (sand / net / tracking glitch)
859,34.36,4,997.5,664.1,NET,12.8,no skeleton within reach (sand / net / tracking glitch)
864,34.56,4,1032.0,688.5,NET,8.9,no skeleton within reach (sand / net / tracking glitch)
944,37.76,4,1338.8,289.8,RIGHT,9.3,no skeleton within reach (sand / net / tracking glitch)
978,39.12,4,1072.5,195.4,RIGHT,7.6,no skeleton within reach (sand / net / tracking glitch)
1022,40.88,4,768.0,376.1,LEFT,11.3,no skeleton within reach (sand / net / tracking glitch)
1058,42.32,4,603.0,253.3,LEFT,17.0,no skeleton within reach (sand / net / tracking glitch)
1119,44.76,4,1653.0,307.8,RIGHT,8.9,no skeleton within reach (sand / net / tracking glitch)
1126,45.04,4,1863.0,466.5,RIGHT,33.0,no skeleton within reach (sand / net / tracking glitch)
1179,47.16,5,1450.5,251.2,RIGHT,8.1,no skeleton within reach (sand / net / tracking glitch)
1190,47.6,5,1341.0,330.6,RIGHT,7.7,no skeleton within reach (sand / net / tracking glitch)
1212,48.48,5,1131.8,174.4,RIGHT,9.7,no skeleton within reach (sand / net / tracking glitch)
1223,48.92,5,990.0,336.7,NET,21.4,no skeleton within reach (sand / net / tracking glitch)
1234,49.36,5,810.0,627.7,LEFT,37.7,no skeleton within reach (sand / net / tracking glitch)
1248,49.92,5,642.0,651.0,LEFT,13.3,no skeleton within reach (sand / net / tracking glitch)
1270,50.8,5,950.2,627.0,LEFT,15.9,no skeleton within reach (sand / net / tracking glitch)
1342,53.68,5,1264.5,284.6,RIGHT,25.8,no skeleton within reach (sand / net / tracking glitch)
1524,60.96,5,1635.0,423.0,RIGHT,34.4,no skeleton within reach (sand / net / tracking glitch)
1531,61.24,5,1788.0,358.2,RIGHT,7.4,no skeleton within reach (sand / net / tracking glitch)
1556,62.24,5,842.2,198.4,LEFT,21.5,no skeleton within reach (sand / net / tracking glitch)
1564,62.56,5,1302.0,299.2,RIGHT,13.0,no skeleton within reach (sand / net / tracking glitch)
1589,63.56,5,1644.0,215.3,RIGHT,11.8,no skeleton within reach (sand / net / tracking glitch)
1615,64.6,5,1297.5,228.4,RIGHT,7.2,no skeleton within reach (sand / net / tracking glitch)
1621,64.84,5,1250.2,102.4,RIGHT,9.0,no skeleton within reach (sand / net / tracking glitch)
1630,65.2,5,1159.5,63.1,RIGHT,8.0,no skeleton within reach (sand / net / tracking glitch)
1635,65.4,5,1114.5,127.7,RIGHT,7.1,no skeleton within reach (sand / net / tracking glitch)
1655,66.2,5,799.5,365.6,LEFT,13.5,no skeleton within reach (sand / net / tracking glitch)
1678,67.12,5,618.0,363.9,LEFT,15.7,no skeleton within reach (sand / net / tracking glitch)
1865,74.6,7,1415.2,394.5,RIGHT,26.8,no skeleton within reach (sand / net / tracking glitch)
1881,75.24,7,1647.0,214.3,RIGHT,8.1,no skeleton within reach (sand / net / tracking glitch)
1915,76.6,7,1481.2,73.1,RIGHT,8.1,no skeleton within reach (sand / net / tracking glitch)
1936,77.44,7,1239.7,128.2,RIGHT,8.1,no skeleton within reach (sand / net / tracking glitch)
1949,77.96,7,1008.8,444.7,NET,32.1,no skeleton within reach (sand / net / tracking glitch)
1954,78.16,7,1005.0,527.2,NET,13.6,no skeleton within reach (sand / net / tracking glitch)
2062,82.48,7,1412.2,455.2,RIGHT,7.5,no skeleton within reach (sand / net / tracking glitch)
2084,83.36,7,1290.8,42.8,RIGHT,7.5,no skeleton within reach (sand / net / tracking glitch)
2091,83.64,7,1219.4,42.5,RIGHT,17.3,no skeleton within reach (sand / net / tracking glitch)
2097,83.88,7,1156.5,84.8,RIGHT,10.3,no skeleton within reach (sand / net / tracking glitch)
2123,84.92,7,486.0,286.1,LEFT,11.1,no skeleton within reach (sand / net / tracking glitch)
2136,85.44,7,298.8,375.0,LEFT,12.4,no skeleton within reach (sand / net / tracking glitch)
2141,85.64,7,384.0,280.2,LEFT,8.2,no skeleton within reach (sand / net / tracking glitch)
2151,86.04,7,580.5,246.4,LEFT,7.7,no skeleton within reach (sand / net / tracking glitch)
2185,87.4,7,835.5,257.2,LEFT,8.3,no skeleton within reach (sand / net / tracking glitch)
2196,87.84,7,1101.0,410.3,RIGHT,16.7,no skeleton within reach (sand / net / tracking glitch)
2214,88.56,7,1614.0,237.8,RIGHT,7.5,no skeleton within reach (sand / net / tracking glitch)
2324,92.96,8,1322.2,251.2,RIGHT,7.8,no skeleton within reach (sand / net / tracking glitch)
2409,96.36,8,357.1,882.3,LEFT,12.1,no skeleton within reach (sand / net / tracking glitch)
2492,99.68,8,1462.5,269.6,RIGHT,8.0,no skeleton within reach (sand / net / tracking glitch)
2612,104.48,9,116.6,479.3,LEFT,34.8,no skeleton within reach (sand / net / tracking glitch)
2621,104.84,9,74.0,535.8,LEFT,7.1,no skeleton within reach (sand / net / tracking glitch)
2649,105.96,9,1342.5,582.0,RIGHT,37.4,no skeleton within reach (sand / net / tracking glitch)
2702,108.08,9,1467.0,187.3,RIGHT,8.0,no skeleton within reach (sand / net / tracking glitch)
2708,108.32,9,1360.5,230.2,RIGHT,7.6,no skeleton within reach (sand / net / tracking glitch)
2821,112.84,9,1038.7,350.2,RIGHT,7.0,no skeleton within reach (sand / net / tracking glitch)
2835,113.4,9,1155.0,396.0,RIGHT,9.2,no skeleton within reach (sand / net / tracking glitch)
2874,114.96,9,1231.5,286.8,RIGHT,10.6,no skeleton within reach (sand / net / tracking glitch)
2924,116.96,9,841.5,588.0,LEFT,30.5,no skeleton within reach (sand / net / tracking glitch)
2939,117.56,9,824.3,581.2,LEFT,8.9,no skeleton within reach (sand / net / tracking glitch)
2951,118.04,9,987.0,594.8,NET,19.0,no skeleton within reach (sand / net / tracking glitch)
2961,118.44,9,615.0,246.6,LEFT,8.2,no skeleton within reach (sand / net / tracking glitch)
3034,121.36,9,1845.0,519.0,RIGHT,17.8,no skeleton within reach (sand / net / tracking glitch)
3065,122.6,9,725.3,285.0,LEFT,8.4,no skeleton within reach (sand / net / tracking glitch)
3081,123.24,9,1029.0,278.8,RIGHT,10.7,no skeleton within reach (sand / net / tracking glitch)
3183,127.32,9,1599.0,198.0,RIGHT,11.2,no skeleton within reach (sand / net / tracking glitch)
3228,129.12,9,1063.5,142.0,RIGHT,7.2,no skeleton within reach (sand / net / tracking glitch)
3399,135.96,10,936.1,185.2,NET,28.0,no skeleton within reach (sand / net / tracking glitch)
3405,136.2,10,1071.8,242.6,RIGHT,17.0,no skeleton within reach (sand / net / tracking glitch)
3445,137.8,10,1587.0,367.0,RIGHT,7.7,no skeleton within reach (sand / net / tracking glitch)
3466,138.64,10,1482.0,159.4,RIGHT,7.6,no skeleton within reach (sand / net / tracking glitch)
3516,140.64,10,514.6,218.7,LEFT,36.3,no skeleton within reach (sand / net / tracking glitch)
3522,140.88,10,338.6,244.5,LEFT,18.4,no skeleton within reach (sand / net / tracking glitch)
3615,144.6,11,1009.5,75.8,RIGHT,9.0,no skeleton within reach (sand / net / tracking glitch)
3680,147.2,11,1662.0,345.8,RIGHT,10.2,no skeleton within reach (sand / net / tracking glitch)
3689,147.56,11,1473.0,308.0,RIGHT,8.9,no skeleton within reach (sand / net / tracking glitch)
3797,151.88,11,1587.0,258.2,RIGHT,7.9,no skeleton within reach (sand / net / tracking glitch)
3871,154.84,12,1171.5,173.0,RIGHT,12.2,no skeleton within reach (sand / net / tracking glitch)
3884,155.36,12,795.8,840.0,LEFT,72.5,no skeleton within reach (sand / net / tracking glitch)
3907,156.28,12,690.8,838.5,LEFT,19.0,no skeleton within reach (sand / net / tracking glitch)
3947,157.88,12,910.5,776.2,LEFT,12.8,no skeleton within reach (sand / net / tracking glitch)
3952,158.08,12,949.5,765.2,LEFT,7.8,no skeleton within reach (sand / net / tracking glitch)
3975,159.0,12,516.0,312.0,LEFT,11.0,no skeleton within reach (sand / net / tracking glitch)
4014,160.56,12,582.0,112.3,LEFT,7.9,no skeleton within reach (sand / net / tracking glitch)
4111,164.44,13,672.8,283.9,LEFT,7.4,no skeleton within reach (sand / net / tracking glitch)
4120,164.8,13,654.4,357.6,LEFT,10.4,no skeleton within reach (sand / net / tracking glitch)
4132,165.28,13,639.4,304.1,LEFT,10.0,no skeleton within reach (sand / net / tracking glitch)
4175,167.0,13,915.0,276.8,LEFT,9.3,no skeleton within reach (sand / net / tracking glitch)
4182,167.28,13,994.4,333.1,NET,27.0,no skeleton within reach (sand / net / tracking glitch)
4187,167.48,13,999.0,418.5,NET,7.6,no skeleton within reach (sand / net / tracking glitch)
4194,167.76,13,969.7,555.0,NET,30.3,no skeleton within reach (sand / net / tracking glitch)
4205,168.2,13,891.0,556.5,LEFT,9.3,no skeleton within reach (sand / net / tracking glitch)
4228,169.12,13,1060.5,181.8,RIGHT,9.4,no skeleton within reach (sand / net / tracking glitch)
4323,172.92,13,1755.0,435.8,RIGHT,31.4,no skeleton within reach (sand / net / tracking glitch)
4407,176.28,14,658.5,309.0,LEFT,7.5,no skeleton within reach (sand / net / tracking glitch)
4419,176.76,14,1338.0,293.2,RIGHT,8.8,no skeleton within reach (sand / net / tracking glitch)
4432,177.28,14,1641.0,276.8,RIGHT,7.6,no skeleton within reach (sand / net / tracking glitch)
4512,180.48,14,744.4,867.8,LEFT,56.1,no skeleton within reach (sand / net / tracking glitch)
4522,180.88,14,531.8,1012.5,LEFT,12.0,no skeleton within reach (sand / net / tracking glitch)
4578,183.12,15,277.2,990.0,LEFT,9.4,no skeleton within reach (sand / net / tracking glitch)
4778,191.12,16,1585.5,172.9,RIGHT,14.5,no skeleton within reach (sand / net / tracking glitch)
4883,195.32,16,709.8,264.4,LEFT,9.8,no skeleton within reach (sand / net / tracking glitch)
4929,197.16,16,1048.5,424.5,RIGHT,12.5,no skeleton within reach (sand / net / tracking glitch)
5036,201.44,17,975.0,98.1,NET,8.2,no skeleton within reach (sand / net / tracking glitch)
5071,202.84,17,1848.0,268.2,RIGHT,10.3,no skeleton within reach (sand / net / tracking glitch)
5079,203.16,17,1728.0,377.9,RIGHT,7.6,no skeleton within reach (sand / net / tracking glitch)
5085,203.4,17,1629.0,566.6,RIGHT,11.3,no skeleton within reach (sand / net / tracking glitch)
5111,204.44,17,1406.0,178.0,RIGHT,24.1,no skeleton within reach (sand / net / tracking glitch)
5116,204.64,17,1374.0,226.9,RIGHT,9.7,no skeleton within reach (sand / net / tracking glitch)
5121,204.84,17,1318.8,289.8,RIGHT,15.7,no skeleton within reach (sand / net / tracking glitch)
5133,205.32,17,895.5,496.5,LEFT,7.0,no skeleton within reach (sand / net / tracking glitch)
5148,205.92,17,312.4,449.2,LEFT,7.9,no skeleton within reach (sand / net / tracking glitch)
5153,206.12,17,322.3,286.5,LEFT,9.1,no skeleton within reach (sand / net / tracking glitch)
5174,206.96,17,470.8,245.9,LEFT,34.9,no skeleton within reach (sand / net / tracking glitch)
5188,207.52,17,582.8,152.1,LEFT,9.4,no skeleton within reach (sand / net / tracking glitch)
5218,208.72,17,1123.5,216.4,RIGHT,42.7,no skeleton within reach (sand / net / tracking glitch)
5241,209.64,17,1776.0,405.0,RIGHT,30.0,no skeleton within reach (sand / net / tracking glitch)
5263,210.52,17,1848.0,399.8,RIGHT,21.4,no skeleton within reach (sand / net / tracking glitch)
5394,215.76,18,1638.0,202.2,RIGHT,11.5,no skeleton within reach (sand / net / tracking glitch)
5423,216.92,18,1528.5,164.4,RIGHT,10.9,no skeleton within reach (sand / net / tracking glitch)
5582,223.28,18,1010.4,515.6,NET,13.6,no skeleton within reach (sand / net / tracking glitch)
5599,223.96,18,1146.7,438.0,RIGHT,8.4,no skeleton within reach (sand / net / tracking glitch)
5605,224.2,18,1213.5,322.3,RIGHT,7.4,no skeleton within reach (sand / net / tracking glitch)
5612,224.48,18,1287.1,300.5,RIGHT,10.0,no skeleton within reach (sand / net / tracking glitch)
5619,224.76,18,1366.5,409.5,RIGHT,18.2,no skeleton within reach (sand / net / tracking glitch)
5637,225.48,18,897.0,312.8,LEFT,7.5,no skeleton within reach (sand / net / tracking glitch)
5645,225.8,18,570.4,227.4,LEFT,7.4,no skeleton within reach (sand / net / tracking glitch)
5652,226.08,18,378.8,264.2,LEFT,23.0,no skeleton within reach (sand / net / tracking glitch)
5663,226.52,18,282.2,232.5,LEFT,8.5,no skeleton within reach (sand / net / tracking glitch)
5689,227.56,18,594.0,313.4,LEFT,8.7,no skeleton within reach (sand / net / tracking glitch)
5798,231.92,18,1194.0,393.8,RIGHT,24.9,no skeleton within reach (sand / net / tracking glitch)
5852,234.08,19,1151.2,286.8,RIGHT,10.1,no skeleton within reach (sand / net / tracking glitch)
5972,238.88,20,458.3,227.0,LEFT,7.6,no skeleton within reach (sand / net / tracking glitch)
5986,239.44,20,801.0,192.4,LEFT,7.0,no skeleton within reach (sand / net / tracking glitch)
6028,241.12,20,1572.0,274.1,RIGHT,11.8,no skeleton within reach (sand / net / tracking glitch)
6194,247.76,20,1831.5,379.5,RIGHT,14.3,no skeleton within reach (sand / net / tracking glitch)
6273,250.92,21,1459.5,250.3,RIGHT,19.0,no skeleton within reach (sand / net / tracking glitch)
6307,252.28,21,1171.5,250.9,RIGHT,9.5,no skeleton within reach (sand / net / tracking glitch)
6323,252.92,21,1002.0,454.5,NET,8.9,no skeleton within reach (sand / net / tracking glitch)
6345,253.8,21,819.0,322.5,LEFT,8.0,no skeleton within reach (sand / net / tracking glitch)
6364,254.56,21,792.7,208.7,LEFT,7.0,no skeleton within reach (sand / net / tracking glitch)
6501,260.04,21,973.5,247.1,NET,8.0,no skeleton within reach (sand / net / tracking glitch)
6534,261.36,21,1188.7,238.3,RIGHT,13.2,no skeleton within reach (sand / net / tracking glitch)
6540,261.6,21,1326.0,336.0,RIGHT,10.4,no skeleton within reach (sand / net / tracking glitch)
6565,262.6,21,1540.5,208.1,RIGHT,12.7,no skeleton within reach (sand / net / tracking glitch)
6590,263.6,21,1423.7,281.4,RIGHT,11.7,no skeleton within reach (sand / net / tracking glitch)
6606,264.24,21,1270.5,104.6,RIGHT,14.3,no skeleton within reach (sand / net / tracking glitch)
6615,264.6,21,1157.2,285.8,RIGHT,12.1,no skeleton within reach (sand / net / tracking glitch)
6632,265.28,21,626.2,351.8,LEFT,9.9,no skeleton within reach (sand / net / tracking glitch)
6656,266.24,21,194.6,323.6,LEFT,10.2,no skeleton within reach (sand / net / tracking glitch)
6752,270.08,21,1452.0,549.8,RIGHT,22.2,no skeleton within reach (sand / net / tracking glitch)
6781,271.24,21,795.0,473.2,LEFT,9.0,no skeleton within reach (sand / net / tracking glitch)
6798,271.92,21,484.9,246.0,LEFT,11.0,no skeleton within reach (sand / net / tracking glitch)
6816,272.64,21,618.0,209.6,LEFT,11.2,no skeleton within reach (sand / net / tracking glitch)
6838,273.52,21,753.0,206.2,LEFT,7.9,no skeleton within reach (sand / net / tracking glitch)
6853,274.12,21,835.5,146.2,LEFT,10.0,no skeleton within reach (sand / net / tracking glitch)
6858,274.32,21,876.0,255.4,LEFT,7.8,no skeleton within reach (sand / net / tracking glitch)
6912,276.48,21,1401.0,191.2,RIGHT,7.1,no skeleton within reach (sand / net / tracking glitch)
6925,277.0,21,1473.0,214.4,RIGHT,7.0,no skeleton within reach (sand / net / tracking glitch)
6972,278.88,21,454.2,220.1,LEFT,85.7,no skeleton within reach (sand / net / tracking glitch)
7065,282.6,21,1599.0,501.8,RIGHT,13.4,no skeleton within reach (sand / net / tracking glitch)
7085,283.4,21,423.0,388.5,LEFT,11.9,no skeleton within reach (sand / net / tracking glitch)
7093,283.72,21,949.5,310.3,NET,12.3,no skeleton within reach (sand / net / tracking glitch)
7098,283.92,21,1300.5,363.8,RIGHT,13.2,no skeleton within reach (sand / net / tracking glitch)
7108,284.32,21,1911.0,680.2,RIGHT,60.2,no skeleton within reach (sand / net / tracking glitch)
7115,284.6,21,1909.5,508.5,RIGHT,36.0,no skeleton within reach (sand / net / tracking glitch)
7121,284.84,21,1801.5,288.8,RIGHT,7.0,no skeleton within reach (sand / net / tracking glitch)
7134,285.36,21,1486.5,199.7,RIGHT,7.1,no skeleton within reach (sand / net / tracking glitch)
7178,287.12,21,1101.0,406.5,RIGHT,8.1,no skeleton within reach (sand / net / tracking glitch)
7197,287.88,21,858.0,606.7,LEFT,27.0,no skeleton within reach (sand / net / tracking glitch)
7584,303.36,24,711.7,56.2,LEFT,12.9,no skeleton within reach (sand / net / tracking glitch)
7593,303.72,24,660.0,67.2,LEFT,12.5,no skeleton within reach (sand / net / tracking glitch)
7601,304.04,24,677.2,86.6,LEFT,46.4,no skeleton within reach (sand / net / tracking glitch)
7747,309.88,25,1273.5,230.0,RIGHT,8.4,no skeleton within reach (sand / net / tracking glitch)
7826,313.04,25,198.8,478.5,LEFT,8.5,no skeleton within reach (sand / net / tracking glitch)
7842,313.68,25,362.2,320.4,LEFT,13.3,no skeleton within reach (sand / net / tracking glitch)
7950,318.0,25,1356.8,44.8,RIGHT,7.4,no skeleton within reach (sand / net / tracking glitch)
7970,318.8,25,994.5,433.1,NET,33.1,no skeleton within reach (sand / net / tracking glitch)
7977,319.08,25,1007.2,525.8,NET,11.3,no skeleton within reach (sand / net / tracking glitch)
7983,319.32,25,1096.5,663.8,RIGHT,22.1,no skeleton within reach (sand / net / tracking glitch)
8182,327.28,27,1331.3,25.5,RIGHT,7.8,no skeleton within reach (sand / net / tracking glitch)
8299,331.96,28,1059.0,79.0,RIGHT,10.1,no skeleton within reach (sand / net / tracking glitch)
8304,332.16,28,804.8,92.4,LEFT,8.6,no skeleton within reach (sand / net / tracking glitch)
8309,332.36,28,580.5,159.8,LEFT,11.6,no skeleton within reach (sand / net / tracking glitch)
8346,333.84,28,628.5,253.9,LEFT,11.3,no skeleton within reach (sand / net / tracking glitch)
8389,335.56,28,1003.5,289.2,NET,9.1,no skeleton within reach (sand / net / tracking glitch)
8429,337.16,28,1416.0,344.6,RIGHT,11.8,no skeleton within reach (sand / net / tracking glitch)
8434,337.36,28,1497.0,474.0,RIGHT,9.7,no skeleton within reach (sand / net / tracking glitch)
8450,338.0,28,1536.5,306.7,RIGHT,13.4,no skeleton within reach (sand / net / tracking glitch)
8459,338.36,28,1441.5,49.0,RIGHT,7.6,no skeleton within reach (sand / net / tracking glitch)
8464,338.56,28,1394.9,26.0,RIGHT,17.8,no skeleton within reach (sand / net / tracking glitch)
8472,338.88,28,1285.5,97.0,RIGHT,10.6,no skeleton within reach (sand / net / tracking glitch)
8594,343.76,28,1299.0,163.3,RIGHT,8.6,no skeleton within reach (sand / net / tracking glitch)
8604,344.16,28,1356.0,162.6,RIGHT,8.0,no skeleton within reach (sand / net / tracking glitch)
8610,344.4,28,1386.0,304.0,RIGHT,8.5,no skeleton within reach (sand / net / tracking glitch)
8643,345.72,28,1336.5,40.6,RIGHT,7.2,no skeleton within reach (sand / net / tracking glitch)
8655,346.2,28,1261.5,167.2,RIGHT,9.5,no skeleton within reach (sand / net / tracking glitch)
8697,347.88,28,877.5,320.3,LEFT,8.4,no skeleton within reach (sand / net / tracking glitch)
8708,348.32,28,966.1,365.3,NET,18.7,no skeleton within reach (sand / net / tracking glitch)
8757,350.28,28,603.0,133.2,LEFT,7.0,no skeleton within reach (sand / net / tracking glitch)
8763,350.52,28,688.8,251.6,LEFT,8.4,no skeleton within reach (sand / net / tracking glitch)
8843,353.72,28,1419.0,332.6,RIGHT,9.6,no skeleton within reach (sand / net / tracking glitch)
8866,354.64,28,1380.7,56.0,RIGHT,9.4,no skeleton within reach (sand / net / tracking glitch)
8881,355.24,28,1245.0,137.7,RIGHT,7.6,no skeleton within reach (sand / net / tracking glitch)
9052,362.08,29,580.8,228.4,LEFT,7.9,no skeleton within reach (sand / net / tracking glitch)
9088,363.52,29,900.0,183.2,LEFT,7.5,no skeleton within reach (sand / net / tracking glitch)
9126,365.04,29,1232.3,273.6,RIGHT,8.9,no skeleton within reach (sand / net / tracking glitch)
9162,366.48,29,1081.5,41.7,RIGHT,7.9,no skeleton within reach (sand / net / tracking glitch)
9175,367.0,29,1147.5,42.2,RIGHT,7.0,no skeleton within reach (sand / net / tracking glitch)
9182,367.28,29,1187.2,205.7,RIGHT,8.7,no skeleton within reach (sand / net / tracking glitch)
9193,367.72,29,1227.7,627.7,RIGHT,54.1,no skeleton within reach (sand / net / tracking glitch)
9210,368.4,29,1414.5,611.6,RIGHT,16.9,no skeleton within reach (sand / net / tracking glitch)
9381,375.24,31,565.5,357.0,LEFT,14.0,no skeleton within reach (sand / net / tracking glitch)
9397,375.88,31,697.5,311.2,LEFT,7.4,no skeleton within reach (sand / net / tracking glitch)
9426,377.04,31,1140.8,282.8,RIGHT,9.0,no skeleton within reach (sand / net / tracking glitch)
9498,379.92,31,1080.8,130.8,RIGHT,8.9,no skeleton within reach (sand / net / tracking glitch)
9658,386.32,32,61.2,688.9,LEFT,36.3,no skeleton within reach (sand / net / tracking glitch)
9688,387.52,32,572.3,233.8,LEFT,7.4,no skeleton within reach (sand / net / tracking glitch)
9727,389.08,32,825.0,148.5,LEFT,7.5,no skeleton within reach (sand / net / tracking glitch)
9802,392.08,32,900.7,131.4,LEFT,16.7,no skeleton within reach (sand / net / tracking glitch)
9912,396.48,33,534.2,118.9,LEFT,13.1,no skeleton within reach (sand / net / tracking glitch)
9928,397.12,33,826.5,211.8,LEFT,11.5,no skeleton within reach (sand / net / tracking glitch)
9941,397.64,33,904.9,198.7,LEFT,8.0,no skeleton within reach (sand / net / tracking glitch)
9974,398.96,33,969.4,231.4,NET,7.0,no skeleton within reach (sand / net / tracking glitch)
9993,399.72,33,1206.0,400.5,RIGHT,32.9,no skeleton within reach (sand / net / tracking glitch)
10011,400.44,33,1236.0,379.5,RIGHT,13.1,no skeleton within reach (sand / net / tracking glitch)
10277,411.08,34,316.1,26.4,LEFT,18.5,no skeleton within reach (sand / net / tracking glitch)
10282,411.28,34,375.6,71.3,LEFT,14.4,no skeleton within reach (sand / net / tracking glitch)
10287,411.48,34,448.5,222.2,LEFT,8.5,no skeleton within reach (sand / net / tracking glitch)
10304,412.16,34,653.2,275.6,LEFT,9.5,no skeleton within reach (sand / net / tracking glitch)
10315,412.6,34,807.0,173.4,LEFT,8.1,no skeleton within reach (sand / net / tracking glitch)
10353,414.12,34,1566.0,205.5,RIGHT,10.7,no skeleton within reach (sand / net / tracking glitch)
10364,414.56,34,1495.5,179.3,RIGHT,9.0,no skeleton within reach (sand / net / tracking glitch)
10370,414.8,34,1440.0,275.6,RIGHT,9.1,no skeleton within reach (sand / net / tracking glitch)
10584,423.36,34,802.5,191.4,LEFT,7.8,no skeleton within reach (sand / net / tracking glitch)
10599,423.96,34,1194.0,337.0,RIGHT,7.7,no skeleton within reach (sand / net / tracking glitch)
10647,425.88,34,1183.5,730.5,RIGHT,40.0,no skeleton within reach (sand / net / tracking glitch)
10655,426.2,34,1000.5,715.5,NET,14.8,no skeleton within reach (sand / net / tracking glitch)
10662,426.48,34,846.8,811.5,LEFT,18.8,no skeleton within reach (sand / net / tracking glitch)
10670,426.8,34,678.8,855.0,LEFT,10.6,no skeleton within reach (sand / net / tracking glitch)
10682,427.28,34,503.6,906.0,LEFT,8.7,no skeleton within reach (sand / net / tracking glitch)
10765,430.6,34,996.0,438.8,NET,27.6,no skeleton within reach (sand / net / tracking glitch)
10966,438.64,35,1630.5,205.0,RIGHT,8.5,no skeleton within reach (sand / net / tracking glitch)
10975,439.0,35,1620.0,42.6,RIGHT,7.3,no skeleton within reach (sand / net / tracking glitch)
10984,439.36,35,1581.0,94.3,RIGHT,11.3,no skeleton within reach (sand / net / tracking glitch)
11011,440.44,35,498.0,464.2,LEFT,7.7,no skeleton within reach (sand / net / tracking glitch)
11074,442.96,35,829.5,188.4,LEFT,7.5,no skeleton within reach (sand / net / tracking glitch)
11100,444.0,35,1825.5,682.5,RIGHT,7.5,no skeleton within reach (sand / net / tracking glitch)
11200,448.0,36,215.0,432.0,LEFT,7.9,no skeleton within reach (sand / net / tracking glitch)
11205,448.2,36,480.8,289.1,LEFT,13.2,no skeleton within reach (sand / net / tracking glitch)
11210,448.4,36,773.8,224.6,LEFT,8.1,no skeleton within reach (sand / net / tracking glitch)
11221,448.84,36,1415.2,324.4,RIGHT,10.4,no skeleton within reach (sand / net / tracking glitch)
11246,449.84,36,1563.0,170.8,RIGHT,8.3,no skeleton within reach (sand / net / tracking glitch)
11315,452.6,36,1015.5,290.6,NET,12.3,no skeleton within reach (sand / net / tracking glitch)
11335,453.4,36,1096.5,480.8,RIGHT,26.9,no skeleton within reach (sand / net / tracking glitch)
11410,456.4,37,966.8,444.8,NET,10.8,no skeleton within reach (sand / net / tracking glitch)
11415,456.6,37,823.5,492.0,LEFT,13.7,no skeleton within reach (sand / net / tracking glitch)
11573,462.92,38,1563.0,196.1,RIGHT,15.5,no skeleton within reach (sand / net / tracking glitch)
11619,464.76,38,1148.2,194.0,RIGHT,7.7,no skeleton within reach (sand / net / tracking glitch)
11731,469.24,38,1780.5,708.0,RIGHT,14.6,no skeleton within reach (sand / net / tracking glitch)
11807,472.28,39,828.0,101.9,LEFT,7.1,no skeleton within reach (sand / net / tracking glitch)
11828,473.12,39,1026.8,284.6,NET,7.6,no skeleton within reach (sand / net / tracking glitch)
11846,473.84,39,1096.5,98.0,RIGHT,8.2,no skeleton within reach (sand / net / tracking glitch)
11903,476.12,39,338.4,419.6,LEFT,38.8,no skeleton within reach (sand / net / tracking glitch)
11923,476.92,39,102.2,418.5,LEFT,11.1,no skeleton within reach (sand / net / tracking glitch)
11928,477.12,39,44.2,418.5,LEFT,12.7,no skeleton within reach (sand / net / tracking glitch)
11981,479.24,39,796.5,180.6,LEFT,7.2,no skeleton within reach (sand / net / tracking glitch)
12037,481.48,39,1234.5,106.3,RIGHT,12.0,no skeleton within reach (sand / net / tracking glitch)
12060,482.4,39,1219.5,84.8,RIGHT,10.4,no skeleton within reach (sand / net / tracking glitch)
12158,486.32,39,680.6,66.4,LEFT,7.1,no skeleton within reach (sand / net / tracking glitch)
12195,487.8,39,982.5,229.5,NET,8.3,no skeleton within reach (sand / net / tracking glitch)
12209,488.36,39,1168.5,277.5,RIGHT,8.0,no skeleton within reach (sand / net / tracking glitch)
12215,488.6,39,1223.3,369.0,RIGHT,20.9,no skeleton within reach (sand / net / tracking glitch)
12314,492.56,40,1800.0,346.5,RIGHT,7.8,no skeleton within reach (sand / net / tracking glitch)
12359,494.36,40,530.7,135.3,LEFT,7.3,no skeleton within reach (sand / net / tracking glitch)
12364,494.56,40,589.5,86.4,LEFT,9.3,no skeleton within reach (sand / net / tracking glitch)
12374,494.96,40,733.5,161.0,LEFT,8.2,no skeleton within reach (sand / net / tracking glitch)
12500,500.0,41,727.5,28.4,LEFT,99.9,no skeleton within reach (sand / net / tracking glitch)
12507,500.28,41,1051.5,239.8,RIGHT,115.2,no skeleton within reach (sand / net / tracking glitch)
12512,500.48,41,810.0,24.6,LEFT,175.9,no skeleton within reach (sand / net / tracking glitch)
12601,504.04,41,1264.5,95.8,RIGHT,7.6,no skeleton within reach (sand / net / tracking glitch)
12621,504.84,41,777.8,228.8,LEFT,9.5,no skeleton within reach (sand / net / tracking glitch)
12639,505.56,41,335.5,256.6,LEFT,8.9,no skeleton within reach (sand / net / tracking glitch)
12675,507.0,41,616.5,285.0,LEFT,10.2,no skeleton within reach (sand / net / tracking glitch)
12712,508.48,41,1101.8,205.5,RIGHT,9.4,no skeleton within reach (sand / net / tracking glitch)
12719,508.76,41,1367.2,91.4,RIGHT,10.6,no skeleton within reach (sand / net / tracking glitch)
12804,512.16,42,633.4,95.8,LEFT,10.8,no skeleton within reach (sand / net / tracking glitch)
12823,512.92,42,814.5,286.8,LEFT,7.4,no skeleton within reach (sand / net / tracking glitch)
12904,516.16,42,1516.5,278.6,RIGHT,11.5,no skeleton within reach (sand / net / tracking glitch)
12931,517.24,42,1165.5,88.0,RIGHT,11.1,no skeleton within reach (sand / net / tracking glitch)
13039,521.56,42,1161.0,287.2,RIGHT,8.7,no skeleton within reach (sand / net / tracking glitch)
13046,521.84,42,1252.5,411.8,RIGHT,27.4,no skeleton within reach (sand / net / tracking glitch)
13060,522.4,42,1233.0,375.0,RIGHT,23.1,no skeleton within reach (sand / net / tracking glitch)
13078,523.12,42,1260.0,120.4,RIGHT,8.0,no skeleton within reach (sand / net / tracking glitch)
13092,523.68,42,1215.0,66.0,RIGHT,8.0,no skeleton within reach (sand / net / tracking glitch)
13100,524.0,42,1171.5,249.4,RIGHT,7.9,no skeleton within reach (sand / net / tracking glitch)
13114,524.56,42,987.0,493.8,NET,8.8,no skeleton within reach (sand / net / tracking glitch)
13142,525.68,42,918.7,754.5,LEFT,35.9,no skeleton within reach (sand / net / tracking glitch)
13147,525.88,42,796.5,818.2,LEFT,7.4,no skeleton within reach (sand / net / tracking glitch)
13192,527.68,42,1395.0,290.4,RIGHT,10.4,no skeleton within reach (sand / net / tracking glitch)
13215,528.6,42,1551.0,190.6,RIGHT,10.1,no skeleton within reach (sand / net / tracking glitch)
13241,529.64,42,1180.5,263.1,RIGHT,7.6,no skeleton within reach (sand / net / tracking glitch)
13295,531.8,42,335.3,267.7,LEFT,8.1,no skeleton within reach (sand / net / tracking glitch)
13333,533.32,42,564.4,165.0,LEFT,12.1,no skeleton within reach (sand / net / tracking glitch)
13340,533.6,42,657.0,50.0,LEFT,8.3,no skeleton within reach (sand / net / tracking glitch)
13352,534.08,42,849.0,127.5,LEFT,8.6,no skeleton within reach (sand / net / tracking glitch)
13397,535.88,42,1374.0,236.4,RIGHT,9.3,no skeleton within reach (sand / net / tracking glitch)
13448,537.92,42,461.2,305.1,LEFT,17.9,no skeleton within reach (sand / net / tracking glitch)
13460,538.4,42,559.5,293.8,LEFT,9.9,no skeleton within reach (sand / net / tracking glitch)
13476,539.04,42,727.5,149.2,LEFT,7.2,no skeleton within reach (sand / net / tracking glitch)
13483,539.32,42,823.5,278.6,LEFT,8.9,no skeleton within reach (sand / net / tracking glitch)
13607,544.28,42,636.8,188.0,LEFT,9.0,no skeleton within reach (sand / net / tracking glitch)
13637,545.48,42,644.2,114.2,LEFT,8.5,no skeleton within reach (sand / net / tracking glitch)
13677,547.08,42,1618.5,310.9,RIGHT,19.2,no skeleton within reach (sand / net / tracking glitch)
13691,547.64,42,1419.0,147.4,RIGHT,15.6,no skeleton within reach (sand / net / tracking glitch)
13740,549.6,42,999.0,379.9,NET,13.5,no skeleton within reach (sand / net / tracking glitch)
13753,550.12,42,951.0,660.0,LEFT,9.8,no skeleton within reach (sand / net / tracking glitch)
13769,550.76,42,846.8,978.0,LEFT,13.7,no skeleton within reach (sand / net / tracking glitch)
13807,552.28,42,625.5,48.9,LEFT,11.6,no skeleton within reach (sand / net / tracking glitch)
13840,553.6,42,895.5,145.9,LEFT,10.0,no skeleton within reach (sand / net / tracking glitch)
13907,556.28,42,1478.2,281.4,RIGHT,7.6,no skeleton within reach (sand / net / tracking glitch)
13993,559.72,42,509.0,240.5,LEFT,8.0,no skeleton within reach (sand / net / tracking glitch)
14029,561.16,42,827.2,205.9,LEFT,7.5,no skeleton within reach (sand / net / tracking glitch)
14039,561.56,42,972.7,300.4,NET,7.7,no skeleton within reach (sand / net / tracking glitch)
14058,562.32,42,1188.8,420.8,RIGHT,21.6,no skeleton within reach (sand / net / tracking glitch)
14069,562.76,42,1283.3,382.1,RIGHT,13.3,no skeleton within reach (sand / net / tracking glitch)
14084,563.36,42,1347.0,346.2,RIGHT,8.5,no skeleton within reach (sand / net / tracking glitch)
14102,564.08,42,1263.8,273.0,RIGHT,9.8,no skeleton within reach (sand / net / tracking glitch)
14119,564.76,42,1855.5,414.0,RIGHT,15.0,no skeleton within reach (sand / net / tracking glitch)
14125,565.0,42,1777.5,220.5,RIGHT,10.2,no skeleton within reach (sand / net / tracking glitch)
14137,565.48,42,1575.0,94.8,RIGHT,7.4,no skeleton within reach (sand / net / tracking glitch)
14143,565.72,42,1477.5,167.8,RIGHT,9.0,no skeleton within reach (sand / net / tracking glitch)
14179,567.16,42,1248.0,262.5,RIGHT,10.4,no skeleton within reach (sand / net / tracking glitch)
14284,571.36,42,951.0,375.0,NET,8.0,no skeleton within reach (sand / net / tracking glitch)
14312,572.48,42,985.5,936.0,LEFT,12.5,no skeleton within reach (sand / net / tracking glitch)
14319,572.76,42,936.0,961.5,LEFT,11.9,no skeleton within reach (sand / net / tracking glitch)
14350,574.0,42,580.5,258.8,LEFT,14.3,no skeleton within reach (sand / net / tracking glitch)
14405,576.2,42,1164.0,460.8,RIGHT,7.1,no skeleton within reach (sand / net / tracking glitch)
14415,576.6,42,1387.5,783.0,RIGHT,46.7,no skeleton within reach (sand / net / tracking glitch)
14431,577.24,42,1560.0,848.2,RIGHT,9.6,no skeleton within reach (sand / net / tracking glitch)
14436,577.44,42,1614.0,851.2,RIGHT,7.2,no skeleton within reach (sand / net / tracking glitch)
14456,578.24,42,1210.5,246.8,RIGHT,7.5,no skeleton within reach (sand / net / tracking glitch)
14478,579.12,42,1657.5,224.2,RIGHT,13.7,no skeleton within reach (sand / net / tracking glitch)
14494,579.76,42,1387.5,215.6,RIGHT,9.2,no skeleton within reach (sand / net / tracking glitch)
14516,580.64,42,1180.5,316.1,RIGHT,9.1,no skeleton within reach (sand / net / tracking glitch)
14521,580.84,42,1164.8,290.2,RIGHT,9.0,no skeleton within reach (sand / net / tracking glitch)
14607,584.28,43,1413.0,96.8,RIGHT,12.0,no skeleton within reach (sand / net / tracking glitch)
14625,585.0,43,1204.5,273.0,RIGHT,7.2,no skeleton within reach (sand / net / tracking glitch)
14668,586.72,43,1227.0,518.2,RIGHT,31.5,no skeleton within reach (sand / net / tracking glitch)
14736,589.44,44,1399.5,279.8,RIGHT,7.4,no skeleton within reach (sand / net / tracking glitch)
14760,590.4,44,1123.5,244.5,RIGHT,12.8,no skeleton within reach (sand / net / tracking glitch)
14765,590.6,44,991.5,384.4,NET,28.0,no skeleton within reach (sand / net / tracking glitch)
14788,591.52,44,669.7,288.5,LEFT,9.0,no skeleton within reach (sand / net / tracking glitch)
14865,594.6,44,1833.0,751.2,RIGHT,7.3,no skeleton within reach (sand / net / tracking glitch)
14911,596.44,44,1431.0,204.4,RIGHT,7.2,no skeleton within reach (sand / net / tracking glitch)
14928,597.12,44,1263.8,169.1,RIGHT,8.2,no skeleton within reach (sand / net / tracking glitch)
14934,597.36,44,1195.5,79.6,RIGHT,7.3,no skeleton within reach (sand / net / tracking glitch)
14954,598.16,44,953.2,334.7,NET,7.8,no skeleton within reach (sand / net / tracking glitch)
14981,599.24,44,998.4,378.0,NET,12.5,no skeleton within reach (sand / net / tracking glitch)
15024,600.96,44,1300.5,169.2,RIGHT,7.7,no skeleton within reach (sand / net / tracking glitch)
15030,601.2,44,1463.3,263.6,RIGHT,9.4,no skeleton within reach (sand / net / tracking glitch)
15055,602.2,44,1389.0,158.8,RIGHT,8.2,no skeleton within reach (sand / net / tracking glitch)
15145,605.8,44,346.9,432.0,LEFT,33.3,no skeleton within reach (sand / net / tracking glitch)
15159,606.36,44,343.6,391.2,LEFT,8.0,no skeleton within reach (sand / net / tracking glitch)
15258,610.32,45,1273.5,638.2,RIGHT,18.1,no skeleton within reach (sand / net / tracking glitch)
15269,610.76,45,1324.5,670.2,RIGHT,21.7,no skeleton within reach (sand / net / tracking glitch)
15306,612.24,45,1116.0,97.5,RIGHT,10.1,no skeleton within reach (sand / net / tracking glitch)
15317,612.68,45,1069.5,122.4,RIGHT,11.0,no skeleton within reach (sand / net / tracking glitch)
15336,613.44,45,1080.7,679.5,RIGHT,40.0,no skeleton within reach (sand / net / tracking glitch)
15435,617.4,46,1213.5,223.2,RIGHT,7.8,no skeleton within reach (sand / net / tracking glitch)
15443,617.72,46,1198.5,185.4,RIGHT,7.1,no skeleton within reach (sand / net / tracking glitch)
15467,618.68,46,1016.3,467.2,NET,15.4,no skeleton within reach (sand / net / tracking glitch)
15484,619.36,46,958.4,716.0,LEFT,49.6,no skeleton within reach (sand / net / tracking glitch)
15489,619.56,46,942.8,913.5,LEFT,26.0,no skeleton within reach (sand / net / tracking glitch)
15495,619.8,46,927.0,939.0,LEFT,11.2,no skeleton within reach (sand / net / tracking glitch)
15505,620.2,46,882.8,956.2,LEFT,12.7,no skeleton within reach (sand / net / tracking glitch)
15519,620.76,46,837.0,965.2,LEFT,8.7,no skeleton within reach (sand / net / tracking glitch)
