track_id,detections,first_frame,last_frame,median_x,median_y,torso_white,head_white,median_motion,referee_score
1622,76,8409,8484,1064.0,387.0,0.7633670555801704,0.56821997132941,1.4142135623730951,4.724908164979501
544,64,2322,2386,1104.0,978.0,0.6323781561341371,0.1578471942481171,2.0,3.855207013032782
105,455,260,765,950.0,981.0,0.6226783968719453,0.13422649140546006,1.0,3.852916570298701
354,209,1311,1553,964.0,987.0,0.6080368906455863,0.11416490486257928,1.4142135623730951,3.757977372307504
384,419,1555,1984,1093.0,980.0,0.5801158301158301,0.20036008230452676,1.0,3.738058485072374
253,396,894,1295,1094.0,977.0,0.57404125004125,0.155321067121641,1.4142135623730951,3.6230571344082816
640,616,2701,3378,989.0,987.0,0.5733280144902535,0.1168808431072582,1.4142135623730951,3.6089487441755304
1492,410,7457,7885,1096.5,993.0,0.42323894843491705,0.44580412983857187,1.0,3.5992515534168117
219,118,767,892,1031.0,986.0,0.5267850416392077,0.2040325277397781,2.23606797749979,3.570830222036387
569,252,2429,2699,937.5,985.5,0.547883978480121,0.11561649454332382,2.23606797749979,3.5087064030071318
1184,1946,5151,7140,1021.0,984.0,0.4987272727272727,0.16485290868446362,1.4142135623730951,3.386489908278018
2,230,0,248,964.0,988.0,0.45352481144415685,0.19982578397212544,3.0,3.3112508137208785
997,100,4348,4456,1024.5,989.5,0.46647121644657125,0.085505698005698,2.23606797749979,3.096583761797681
892,490,3828,4346,977.0,992.0,0.4400600285337425,0.10941581765935214,2.0,3.068446749453674
1453,312,7142,7455,994.0,992.0,0.48145844910776503,0.0,2.0,3.00458379643106
494,292,1986,2320,1036.5,997.0,0.3979962897294458,0.13361212546753792,2.23606797749979,2.911396909852859
1872,1,9727,9727,245.0,436.0,0.27472089314194575,0.8118336886993603,0.0,2.875675949966504
1054,309,4595,4972,1106.0,984.0,0.4645432692307692,0.00026226068712300026,1.4142135623730951,2.8674475982973227
1344,413,6216,6633,1481.0,692.0,0.28157706093189966,0.4657494145199063,7.0,2.832182072767411
346,3,1284,1287,1020.0,1012.0,0.37675070028011204,0.10178571428571428,0.0,2.7730742296918764
1371,286,6359,6644,524.5,585.0,0.14985832175819097,0.4615608245088656,5.385164807134504,2.350367436050495
1566,365,8021,8407,991.0,984.0,0.1363767281105991,0.3564024390243902,1.4142135623730951,2.338936790491177
1395,109,6535,6644,685.0,492.0,0.20537825059101655,0.5294612794612794,5.0990195135927845,2.308560561286625
1493,447,7457,7906,1165.0,541.0,0.14882352941176472,0.36779448621553884,5.0990195135927845,2.302758090078137
1341,424,6216,6644,1551.0,513.0,0.26910964180403607,0.4547849743702278,4.0,2.2166335159566
1412,492,6646,7140,1420.5,490.5,0.24597786737374838,0.42577892899584074,3.605551275463989,2.1476568274866747
1575,292,8113,8407,520.5,533.0,0.19795411389488043,0.46927275008364,7.615773105863909,2.055674455746802
1578,292,8114,8407,449.0,605.0,0.1601567867269033,0.30333597743698215,4.242640687119285,2.0279241017815774
1343,73,6216,6289,405.0,714.0,0.13541666666666666,0.35214926783183753,10.04987562112089,1.9990902023303418
826,269,3552,3822,927.0,559.0,0.18296296296296297,0.09037900874635568,2.8284271247461903,1.9919848693445632
1159,73,5029,5149,973.0,1008.0,0.2152777777777778,0.01455026455026455,2.914213562373095,1.9820866402116402
1342,307,6216,6524,538.0,502.0,0.16623986342296201,0.4865853658536585,4.242640687119285,1.9743801853991652
1574,292,8113,8407,1454.0,591.0,0.09006536534626422,0.3471012382646439,4.0,1.8457139379143446
1510,600,7511,8111,614.0,528.5,0.17236488259215532,0.37631499968408416,3.1622776601683795,1.8258395297367898
215,1,762,762,694.0,435.0,0.2742200328407225,0.1461593172119488,0.0,1.8229487657867876
1413,492,6646,7140,593.0,469.0,0.12244860461792867,0.4701117547968281,3.605551275463989,1.8006429280653709
1414,801,6646,7455,1314.0,570.0,0.1271766169154229,0.20436507936507936,7.0710678118654755,1.7961866263918502
1852,164,9522,9700,681.5,462.5,0.1897430582204923,0.28854641183072555,6.708203932499369,1.7620025565434203
1026,79,4458,4593,929.0,984.0,0.13343108504398826,0.03647586980920314,1.4142135623730951,1.6873010797943593
1494,23,7457,7479,1794.0,737.0,0.1244212962962963,0.27596491228070175,9.937143820483577,1.6283650097465885
583,6,2490,2497,828.5,1009.5,0.018697614442295292,0.25291005291005286,1.0,1.5984230635892869
1495,648,7457,8111,1704.0,598.0,0.09178670785193105,0.29415942853442856,2.0,1.5904656884765813
568,54,2429,2485,728.5,471.0,0.10429311410356493,0.3561500545459383,13.341664064126334,1.5847850655061364
1765,2,9038,9039,885.0,550.5,0.08574574763835494,0.04216137917933131,6.082762530298219,1.4804307489120823
1792,305,9210,9519,495.0,441.0,0.15023923444976076,0.28226817042606517,4.47213595499958,1.4748682786511733
2821,36,15292,15327,759.5,693.0,0.11192256189605239,0.020052693208430915,7.0710678118654755,1.4624831340010713
1411,472,6646,7140,602.5,628.0,0.03818825314308753,0.20255679659600334,7.0710678118654755,1.434429105764357
2850,54,15398,15466,858.5,553.0,0.08118424296601515,0.033012820512820513,5.0,1.4273251128897015
1854,325,9522,9853,351.0,546.0,0.08511827155894952,0.1790948275862069,3.0,1.4180377414082117
2394,139,12786,12925,517.0,427.0,0.1987179487179487,0.1297909407665505,4.0,1.3775786764048958
613,9,2627,2635,843.0,483.0,0.06084895010160307,0.2801075268817204,10.032063472395627,1.330485854169853
1672,683,8518,9208,673.0,476.0,0.12694444444444444,0.1835480093676815,4.123105625617661,1.2954987965131408
1503,620,7489,8111,1616.0,489.0,0.1075852688847039,0.3361425479282622,2.0,1.29262617139534
220,125,767,892,1240.0,664.0,0.06833930704898447,0.04371201496026181,9.219544457292887,1.2857812581164614
546,106,2322,2427,1264.0,564.0,0.07371229911452684,0.03783005965841787,6.324555320336759,1.280509315774943
495,331,1986,2320,699.0,465.0,0.05424174174174174,0.3116883116883117,6.082762530298219,1.2772185903435904
1791,309,9210,9520,556.0,563.0,0.08386187455954898,0.04607594936708861,2.914213562373095,1.2750993969723732
1680,226,8523,8771,1076.5,988.0,0.0028846646185355864,0.11536144578313252,1.0,1.2694490500404074
2690,6,14602,14610,1002.5,611.0,0.031735936383685895,0.03411114445778311,8.0,1.2686035344503097
652,204,2739,2954,1240.0,645.5,0.07897884663812642,0.01168103205453214,8.246211251235321,1.26427745066157
1912,18,10137,10160,1028.5,651.5,0.026489614504488647,0.04976322535275169,4.47213595499958,1.262672408723458
1921,128,10162,10289,692.0,641.5,0.06304417962387601,0.03801122037851131,4.123105625617661,1.2606991592525267
1165,43,5053,5104,400.0,1054.0,0.06379585326953748,0.12121212121212122,0.0,1.2476076555023923
1664,11,8503,8516,1193.0,1015.0,0.00030525030525030525,0.13358147229114972,2.0,1.2227589458033006
299,478,1057,1553,644.0,439.0,0.13712342764013236,0.13574660633484165,7.0,1.2224869232302127
2787,3,15127,15129,920.0,576.0,0.011836578846888126,0.04413377192982456,20.00781059358212,1.2106138592472016
1882,360,9801,10160,618.5,470.5,0.11648646015975064,0.1751164767519856,4.0,1.2027412941429738
626,7,2642,2654,928.0,579.0,0.01680672268907563,0.025914634146341462,14.103780735095835,1.1990561590489854
297,105,1057,1162,661.0,586.0,0.049019607843137254,0.04449152542372881,3.1622776601683795,1.1981864822200066
252,93,894,988,360.0,632.0,0.021669169706071658,0.19240506329113924,1.2071067811865475,1.1964868054065652
2963,118,15944,16064,827.0,548.0,0.037261074518920315,0.013406631260585597,7.0710678118654755,1.1927325605968524
2836,59,15329,15393,674.0,564.0,0.05039941902687001,0.031054131054131053,16.654103481013053,1.1849559382157422
2793,116,15174,15290,1283.0,547.0,0.06690384637392569,0.009522713113199882,6.082762530298219,1.1847858117221026
2984,51,16077,16131,809.0,709.0,0.03639291465378422,0.015168970814132104,5.0,1.181534600243401
2287,190,12251,12440,457.5,572.0,0.051258309591642924,0.09450825156110615,3.0,1.179987241488784
715,216,3050,3270,526.0,561.0,0.04619921384741222,0.07356601731601731,6.708203932499369,1.1606788900216833
1981,280,10450,10741,442.5,466.0,0.04674560080442433,0.3473366910866911,2.8284271247461903,1.1582182853910794
760,94,3283,3378,689.0,589.5,0.04664205589266826,0.01694895768714802,4.47213595499958,1.1510911389449692
218,125,767,892,1222.0,457.0,0.15436105476673428,0.046041158004883155,4.357388321059432,1.1457765350767035
2907,316,15622,15941,659.0,548.0,0.051760402377686324,0.012784219992832881,6.082762530298219,1.1444850494964112
1728,435,8773,9208,567.0,581.0,0.05410079051383399,0.03477717617659309,5.521009528313442,1.1403325144085221
2893,43,15568,15620,908.0,669.0,0.016998341625207296,0.001148105625717566,4.47213595499958,1.1377895777522644
281,51,995,1055,923.0,528.0,0.10184937014205307,0.07603867258949569,4.123105625617661,1.1363498257472036
1874,56,9735,9790,218.5,445.5,0.11625501838562516,0.2667138948602697,2.8284271247461903,1.13501036326304
2179,33,11574,11634,941.0,787.0,0.001725625539257981,0.015712682379349047,5.9568572125717605,1.1264528669157299
2750,160,14902,15072,1289.5,669.0,0.055581423316355405,0.004719199811855954,7.0710678118654755,1.1258265928891336
1152,4,4990,5000,961.0,1003.5,0.003471266926223377,0.001913265306122449,1.4142135623730951,1.1170865983171385
1951,143,10291,10436,507.0,459.0,0.049062049062049064,0.30124777183600715,1.7071067811865475,1.1156187399202104
2328,471,12442,12925,525.0,579.0,0.05877616747181964,0.026054590570719603,4.123105625617661,1.1153388510287177
123,35,377,414,384.0,498.0,0.06600877192982456,0.3039940828402367,5.0,1.1120232533997716
133,72,419,504,864.0,595.0,0.013600982350982352,0.007123662501020991,8.06225774829855,1.1086512544059715
545,105,2322,2427,1150.0,453.0,0.11224489795918367,0.08642659279778393,5.049509756796392,1.1030827774323027
2401,232,12789,13020,959.5,988.0,0.0,0.0,1.0,1.0996875
2660,283,14528,14816,962.0,991.0,0.0,0.0,1.0,1.09875
1752,86,8939,9071,957.0,1006.0,0.0,0.0,2.23606797749979,1.098125
2487,363,13277,13642,565.0,559.0,0.04477889260497956,0.03251706142111602,5.0990195135927845,1.0972746932621504
2332,329,12442,12784,793.0,430.0,0.12014991181657848,0.059723777528928705,5.0,1.0956722023241712
547,304,2322,2625,549.5,579.0,0.0060049400745518546,0.11362272314885896,4.47213595499958,1.0947027065959254
779,156,3380,3535,381.0,559.0,0.06322388812267354,0.051515151515151514,0.0,1.0940508555209971
1775,308,9113,9490,970.0,995.0,0.0,0.0,2.0,1.09375
1110,301,4806,5149,890.0,544.0,0.008888888888888889,0.0,7.0710678118654755,1.0918055555555557
1853,212,9522,9810,973.5,984.0,0.0,0.0,1.0,1.0915625
1733,116,8782,8913,944.5,1001.5,0.0,0.0,2.0,1.0903125
1923,91,10162,10289,944.0,987.0,0.0,0.0,1.4142135623730951,1.0899999999999999
2777,98,15074,15172,841.0,545.0,0.007513025780397378,0.017113044988374224,8.246211251235321,1.0899031930983378
2451,122,13049,13233,940.0,990.0,0.0,0.0,1.4142135623730951,1.0875
2288,393,12251,12676,940.0,990.0,0.0,0.0,1.0,1.0875
634,21,2677,2699,870.0,547.0,0.005918682449819866,0.007462686567164179,6.4031242374328485,1.0823501029336078
859,191,3737,3928,426.0,553.0,0.046229632436528986,0.06547619047619048,4.0,1.0821209106984968
2489,65,13277,13342,930.0,993.0,0.0,0.0,0.0,1.0812499999999998
2816,1,15262,15262,1142.0,604.0,0.006336088154269973,0.031432748538011694,0.0,1.0744598496931033
1887,302,9855,10160,532.5,647.0,0.05254652503293808,0.014941115577221187,4.242640687119285,1.0728808312861946
2796,27,15174,15200,916.0,1032.0,0.0,0.0,1.0,1.0725
1889,261,9855,10159,1063.0,993.0,0.0,0.01730944427573641,1.0,1.070243888551473
2068,297,10896,11193,1469.0,658.0,0.0664552781080724,0.010689990281827016,3.1622776601683795,1.0690760929959437
2016,119,10610,10741,1781.0,609.0,0.07513227513227513,0.0860990860990861,3.0,1.0596022727272727
1954,1781,10291,12249,1025.0,993.0,0.0,0.0,1.0,1.059375
713,302,3050,3378,779.0,430.0,0.12397001142599315,0.03798458951845217,5.0,1.058724224740877
3001,178,16133,16310,789.5,513.5,0.11434895833333333,0.053922573600804394,2.8284271247461903,1.058678480534942
2428,294,12928,13233,608.5,485.0,0.09033146862266545,0.1536380916210932,5.385164807134504,1.0489145577328483
2299,6,12310,12318,1119.0,564.0,0.005774856096284668,0.011743409049443532,14.422205101855956,1.0472112424840256
318,130,1164,1294,466.0,604.5,0.04177942357142231,0.04366289198606272,3.0,1.0456934782578147
2500,110,13364,13498,1047.5,989.0,0.0,0.0,2.0,1.0453125
2611,344,14174,14526,1049.0,997.0,0.0,0.0,1.0,1.044375
2293,186,12254,12440,685.5,392.0,0.1534825870646766,0.0009095110912582087,4.123105625617661,1.044186870441223
2370,27,12712,12755,1066.0,1001.0,0.0,0.0,4.061552812808831,1.03375
2247,237,12005,12249,1450.0,673.0,0.0530812324929972,0.0136455525606469,6.324555320336759,1.0333660350932825
1087,413,4726,5149,1075.0,666.0,0.0,0.0,5.385164807134504,1.028125
929,363,3978,4346,557.0,624.0,0.036947791164658635,0.01600985221674877,5.656854249492381,1.027935869092132
449,120,1864,1984,485.0,429.0,0.12910679002771577,0.1034489164556194,5.0,1.0264499930221018
2545,434,13668,14170,1078.0,993.0,0.0,0.0,1.0,1.02625
1,106,0,106,1513.5,624.0,0.06294105128244759,0.009262295081967215,4.123105625617661,1.0243512952937248
2190,404,11636,12044,473.0,501.5,0.03518641165967661,0.29222800231203594,2.8284271247461903,1.0208266512627784
2520,87,13533,13624,1088.0,990.0,0.0,0.0,2.0,1.02
1950,443,10291,10741,361.0,560.0,0.012910798122065728,0.12,2.914213562373095,1.017268192488263
2965,184,15946,16131,759.0,438.0,0.12739367114367114,0.01552010791141226,3.1622776601683795,1.0149899003975091
1454,313,7142,7455,1515.0,651.0,0.06505747126436781,0.0006912442396313364,4.123105625617661,1.014737373536734
2828,326,15295,15620,1097.0,990.0,0.0,0.0,1.0,1.014375
3005,178,16133,16310,1136.0,693.5,0.003965260393831823,0.00185214128242614,3.0,1.0095653241401794
2909,501,15622,16131,1106.0,988.0,0.0,0.0,0.0,1.00875
1114,59,4862,4924,1109.0,559.0,0.0,0.0,6.697811566101118,1.006875
3002,173,16133,16310,1111.0,974.0,0.0,0.0,1.0,1.005625
2473,11,13235,13249,807.0,999.0,0.0,0.0,5.7339636687163615,1.004375
2060,338,10848,11193,755.0,584.0,0.003499829468556164,0.008404982363315695,6.082762530298219,1.002684282600856
2847,63,15389,15451,1117.0,587.0,0.0,0.0,2.53224755112299,1.001875
182,151,615,765,1465.0,648.0,0.04636488340192044,0.014997170345217883,5.377936881542583,0.9998288742981175
2723,442,14818,15290,1122.5,984.0,0.0,0.0,1.0,0.9984375
1139,185,4963,5149,1185.0,548.0,0.009648688767936665,0.0,5.385164807134504,0.9979697550717466
1924,127,10162,10289,750.0,389.0,0.12985915492957747,0.0026578073089701,6.082762530298219,0.9935022343362501
2117,353,11195,11562,441.0,512.0,0.023242630385487528,0.3110483364720653,3.1622776601683795,0.9906921944860807
2647,50,14477,14526,1162.0,479.0,0.11013062169312168,0.0382017749628587,5.830951894845301,0.9906760366982041
2044,145,10743,10891,1658.0,682.0,0.062375992063492064,0.03703003967504251,6.363839778884804,0.9873140476040533
2471,41,13235,13275,1141.0,998.0,0.0,0.0,0.0,0.986875
255,162,894,1055,500.0,424.0,0.14717700497389732,0.04214210972146096,4.0,0.9854922393385113
2772,98,15074,15172,736.5,761.5,0.0034540822935106427,0.003838080091813558,4.47213595499958,0.9818049893576697
278,7,985,991,1124.0,487.0,0.08341880341880342,0.07446172248803828,9.924428900898052,0.9800986586512902
1187,238,5151,5394,1317.5,574.0,0.025524435403953476,0.0,6.708203932499369,0.9786602416158139
2606,297,14172,14473,1583.0,626.0,0.06514550264550265,0.003703703703703704,5.385164807134504,0.9786144179894181
2256,203,12046,12249,707.0,612.0,0.005847953216374269,0.006020066889632107,7.0,0.9773069466447613
2532,1,13644,13644,1279.0,549.0,0.01016260162601626,0.01790801790801791,0.0,0.9770914423201009
2868,106,15453,15559,584.5,666.5,0.02055023923444976,0.014527941231180907,10.44030650891055,0.9765693394001609
2254,192,12046,12249,1451.5,485.0,0.1089814795213325,0.12387021779916796,5.0,0.9764788536836659
2845,1,15365,15365,1166.0,603.0,0.0010131712259371835,0.0,0.0,0.9753026849037487
2658,288,14528,14816,1606.0,706.5,0.0674291324365803,0.004312704271491437,3.0,0.974591938289304
685,93,2956,3048,733.0,614.0,0.0,0.0040178571428571425,3.0,0.9661607142857143
2118,423,11195,11634,1474.0,660.0,0.042887158571252006,0.006818181818181818,5.0990195135927845,0.9639349979213716
642,35,2701,2735,1468.0,677.0,0.04453125,0.0015889830508474577,19.1049731745428,0.9638029661016949
611,406,2627,3048,1289.0,497.0,0.08450544232595514,0.11188829391640637,5.0990195135927845,0.9561733571366333
2423,349,12927,13283,580.0,509.0,0.07520325203252033,0.1464160839160839,5.0990195135927845,0.9561451759622492
2738,203,14842,15072,672.0,630.0,0.0066518847006651885,0.0027785495971103086,7.141085181396727,0.9521646379968813
2867,165,15453,15620,707.0,469.0,0.10528767761472164,0.043041606886657105,4.47213595499958,0.9491089242322008
122,127,377,504,574.0,597.0,0.01245704467353952,0.016737674984783932,5.0,0.9420535286637259
2477,13,13236,13263,706.0,1025.0,0.0,0.0,1.4142135623730951,0.9412499999999999
2692,191,14623,14816,691.0,604.0,0.001665001665001665,0.0008671522719389525,6.041381265149109,0.9402693112038845
298,233,1057,1294,1365.0,548.0,0.004210526315789474,0.03606442577030812,5.91547594742265,0.9358459568037741
1952,300,10291,10594,1659.5,645.0,0.045024637044954255,0.04207179251427039,3.0,0.9270546332083578
1289,444,5731,6177,1536.0,648.0,0.04658456035923141,0.0,4.47213595499958,0.9263382414369257
684,78,2956,3048,850.5,465.5,0.06827651515151514,0.060816468382257856,8.06225774829855,0.9263014973705763
110,70,306,375,303.0,627.0,0.0051627384960718295,0.10740203193033382,0.0,0.924830017844955
217,124,767,890,560.5,562.0,0.006351307189542484,0.023873626373626375,7.615773105863909,0.9234649815054227
995,375,4348,4724,539.0,555.0,0.018507462686567163,0.005901505901505902,4.123105625617661,0.9227078625492805
2785,54,15119,15172,1306.5,488.0,0.11215659340659341,0.04486268939393939,2.8284271247461903,0.9217892524142525
2531,493,13644,14170,1510.0,595.0,0.03608760577401692,0.009994121105232217,6.324555320336759,0.9205886653065322
1905,46,10068,10120,1551.0,566.0,0.01819809902940925,0.05794489200965487,17.46424919657298,0.9193071801369468
159,104,506,611,1522.0,672.5,0.036459280535231585,0.011816188104988832,9.0,0.918219498350904
65,145,109,254,1600.0,611.0,0.046489197530864196,0.016129032258064516,6.555664084966109,0.9182148546395859
1675,248,8518,8771,675.5,389.5,0.12248131632189603,0.0014532351310683456,5.0,0.9150192355497209
2605,343,14172,14526,642.0,627.0,0.0015585427625170465,0.0007792207792207792,5.521009528313442,0.9090426126085096
2824,313,15292,15620,1299.0,549.0,0.0015710919088766694,0.007100320659642693,5.242092160363644,0.908610008954792
566,195,2429,2625,1534.0,586.0,0.0368532955350815,0.006084656084656085,3.1622776601683795,0.9008324943096382
58,193,108,304,402.0,609.0,0.007231404958677686,0.05961251862891207,4.123105625617661,0.8994006570925348
2204,233,11709,11944,510.0,611.0,0.0072874493927125505,0.024517475221700575,7.035533905932738,0.8969347480142513
1452,309,7142,7455,629.0,604.0,0.0,0.0,6.082762530298219,0.893125
498,317,1999,2320,1502.0,726.0,0.03055964653902798,0.0030727210652099694,5.0,0.8896340282865318
1279,525,5688,6214,617.0,556.0,0.0,0.0,5.0,0.885625
698,235,2979,3228,1434.0,568.0,0.016001855287569575,0.00859504132231405,6.082762530298219,0.8849475037949064
158,260,506,765,1418.5,491.0,0.06413448099768854,0.15714193204699628,4.47213595499958,0.8842592880847467
8,352,0,375,440.5,521.0,0.03174037190795971,0.24054681194511704,2.23606797749979,0.883367611522073
168,136,530,666,519.0,697.5,0.011660886339218815,0.005237797979009792,5.0,0.8814941413148949
2045,59,10743,10813,440.0,740.0,0.009835194045720362,0.03282967032967033,16.746211251235323,0.8800001168422221
3029,45,16266,16310,1316.0,1011.0,0.0,0.0,1.4142135623730951,0.8775
349,255,1296,1553,541.0,538.0,0.05716619028174765,0.15408986175115208,5.0,0.8749694846292948
383,307,1555,1862,333.0,532.0,0.1139069264069264,0.1042231693142193,2.914213562373095,0.8721990442561441
7,101,0,106,865.0,482.0,0.05763517528223411,0.050286058416139714,8.246211251235321,0.8717378179612157
316,122,1164,1290,1426.0,610.5,0.0030951574396696348,0.024945887445887445,6.082762530298219,0.8710224046504534
2835,122,15329,15451,660.5,442.0,0.09882743980783196,0.027555824360547,2.23606797749979,0.8632339079524218
448,558,1864,2427,495.0,612.0,0.007876496534341524,0.01057757191405427,5.0990195135927845,0.8620361299654746
861,589,3737,4346,595.0,421.0,0.11085405822247928,0.023255813953488372,5.0,0.8618028607968939
2822,36,15292,15327,1345.5,625.0,0.0,0.00023101790041042377,6.082762530298219,0.8595245358008208
2960,187,15943,16131,1362.0,658.0,0.002178649237472767,0.0008081896551724138,5.0990195135927845,0.8590809762602358
388,240,1557,1817,515.0,369.0,0.13235853155207994,0.0037121326888028905,5.385164807134504,0.8587333915859254
1330,36,6179,6214,1708.0,617.0,0.0474029902342062,0.016996017156862747,6.0,0.8561039952505503
641,253,2701,2954,540.0,642.0,0.0018467220683287165,0.002211166390270868,5.385164807134504,0.8493092210538566
2659,44,14528,14572,521.0,610.5,0.0026114501228917705,0.005711514600604851,13.0,0.8474938296927768
1576,292,8113,8407,1270.0,416.0,0.07715845658639939,0.06611508646392367,5.0,0.8471139992734449
2154,204,11430,11634,490.0,620.0,0.0052593859230014835,0.008777030794254934,5.0,0.8448416052805159
1706,40,8625,8665,1494.5,695.5,0.011004654387007328,0.016610653587680865,18.973665961010276,0.843177424723391
1185,528,5151,5686,533.5,603.0,0.0,0.0,4.47213595499958,0.8334374999999999
2521,104,13552,13655,642.0,452.5,0.08001468346901602,0.055370340254061186,6.082762530298219,0.8320494143841863
2908,317,15622,15941,1424.0,548.0,0.0010413051023950017,0.006844919786096256,4.47213595499958,0.8278550599817724
1799,271,9214,9485,1539.0,556.0,0.0035714285714285713,0.0371043072132849,3.1622776601683795,0.826619328712284
567,194,2429,2625,1295.0,461.5,0.06008040253138292,0.09421116504854368,8.94427190999916,0.8193689402226192
1851,158,9522,9680,1526.0,640.5,0.006735511532508195,0.01996010948625042,5.385164807134504,0.8131122651025335
1886,181,9855,10038,1479.0,612.0,0.004819277108433735,0.007142857142857143,7.211102550927978,0.8091878227194491
1922,128,10162,10289,1578.5,557.5,0.004235554981486265,0.039097930839002266,4.123105625617661,0.8085755816039496
620,72,2628,2699,654.0,480.5,0.015075316840022723,0.16906839823972247,2.23606797749979,0.8071880638395359
2255,203,12046,12249,543.0,466.0,0.0607981220657277,0.11208010335917312,4.0,0.8067276949812571
957,222,4106,4346,1436.0,719.5,0.0,0.0,9.055385138137417,0.8025
2543,498,13666,14170,459.5,599.0,0.0014572105645377059,0.004521895797429868,2.23606797749979,0.8020601338530106
418,2,1730,1731,589.5,290.5,0.0,0.21314892004547176,3.1622776601683795,0.7947353400909435
2046,237,10743,10995,603.0,505.0,0.024154589371980676,0.16042780748663102,3.605551275463989,0.7943489724611847
1673,76,8518,8595,1606.5,607.0,0.008398628992683461,0.03200778124828758,9.433981132056603,0.793547578467309
585,128,2496,2625,636.5,443.0,0.0840580550401979,0.028103333765308106,5.0990195135927845,0.7902513876914078
2792,117,15174,15290,458.0,626.0,0.0005635390250774866,0.00027210884353741496,5.0,0.7890483737873848
818,199,3537,3735,465.0,476.0,0.08771008403361344,0.0737874097007224,2.23606797749979,0.7890401555358986
2472,301,13235,13550,704.0,402.0,0.08610936517913262,0.0022641509433962265,5.385164807134504,0.7889657626033229
2191,273,11636,11909,1699.0,654.0,0.022815325010761944,0.029692691029900332,6.041381265149109,0.7887716821028484
404,319,1659,1984,1508.0,561.0,0.0015037593984962407,0.011313784345416763,5.0,0.7861426062848185
2871,167,15453,15620,1477.0,639.0,0.0005175983436853002,0.00030637254901960784,4.242640687119285,0.7795581384727803
2492,1,13306,13306,793.0,423.0,0.06615259740259741,0.008547008547008548,0.0,0.7773294067044068
2809,2,15196,15197,441.0,642.0,0.00040257648953301127,0.0,8.0,0.7772353059581321
2116,205,11195,11400,390.0,644.0,0.004951980792316926,0.005376344086021506,4.47213595499958,0.7743106113413107
111,197,306,504,1537.0,470.0,0.0687176538240368,0.12891156462585035,3.0,0.7720687445478479
197,94,668,765,788.5,502.0,0.012258562325766626,0.11006611922560199,10.816653826391969,0.7619789877542704
1736,126,8802,8932,1576.5,627.0,0.005765029235493371,0.01030798741325057,11.180339887498949,0.7583635917684746
1060,127,4598,4724,845.0,437.0,0.05327281414237936,0.008024691358024692,6.0,0.7572656392855668
2047,437,10743,11193,1364.0,484.0,0.06934481109516978,0.06467661691542288,6.363839778884804,0.7542324782115248
2393,139,12786,12925,1592.0,616.0,0.003787878787878788,0.013099747474747474,3.0,0.74635101010101
2781,195,15090,15290,1674.0,687.0,0.01997780244173141,0.005625200900032144,6.041381265149109,0.7449116115669899
2115,231,11195,11428,1518.0,511.0,0.07187333214730475,0.10246913580246914,3.605551275463989,0.7436816001941573
1052,130,4595,4724,1533.0,602.0,0.0,0.0,3.1622776601683795,0.741875
1754,162,8946,9118,1577.0,686.0,0.001347246717617088,0.01017185934623318,7.0,0.7401077055629347
160,253,506,765,734.0,476.0,0.034176160044456796,0.07118725868725868,3.605551275463989,0.7378291575523446
1245,213,5471,5686,1542.0,654.0,0.0,0.0,5.521009528313442,0.7362500000000001
2470,395,13235,13642,1579.0,602.0,0.001200892091267799,0.005260081823495032,3.605551275463989,0.7284487320120613
643,251,2701,2954,545.0,507.0,0.015934065934065933,0.1607235142118863,5.385164807134504,0.7258082921600363
1025,136,4458,4593,1566.0,591.5,0.0,0.0,3.1622776601683795,0.72125
2744,1,14872,14872,338.0,674.0,0.0,0.0015151515151515152,0.0,0.714280303030303
2844,20,15361,15383,1096.5,432.0,0.02407859142772936,0.05117390667350377,13.92838827718412,0.713349679057925
131,98,406,504,1737.0,635.5,0.01969119988921969,0.006239279070329298,4.47213595499958,0.7056183576975374
3004,178,16133,16310,382.0,486.5,0.08544087491455912,0.06110637100487806,2.23606797749979,0.7027262416679927
2444,2,13002,13007,563.0,526.5,0.05509506833036245,0.06213734777808004,10.44030650891055,0.6965299688776099
991,241,4348,4593,647.0,408.0,0.07165999618829808,0.0008333333333333334,4.242640687119285,0.6926816514198589
2086,185,11006,11193,655.0,437.0,0.06003584229390681,0.021541950113378686,4.182873156368473,0.6926022694023847
743,803,3234,4051,1632.0,598.0,0.0,0.00202020202020202,2.0,0.684040404040404
2906,317,15622,15941,490.0,464.0,0.07971339005821765,0.027389277389277388,4.0,0.6798821150114254
990,108,4348,4456,1633.5,594.5,0.0,0.0002732974910394265,4.123105625617661,0.6796090949820789
2607,120,14172,14291,1306.0,431.5,0.05885559851932191,0.025669411066607327,5.0,0.6705112162105022
1969,272,10365,10645,1416.5,359.0,0.08031092538134792,0.01714075854700855,6.082762530298219,0.6702127186194087
385,95,1555,1651,1666.0,716.0,0.0005652911249293386,0.0021222410865874364,13.379035964562537,0.6652556466728922
1777,81,9127,9208,1705.0,768.0,0.0027056277056277055,0.008696660482374769,4.47213595499958,0.6625908317872604
256,80,894,993,1677.5,694.0,0.0003225619187799388,0.004601682563454593,6.0,0.6620561128020289
221,126,767,892,791.5,411.0,0.021037581699346407,0.041594664564311816,5.830951894845301,0.6620271559260091
778,320,3380,3735,469.0,424.5,0.07022306397306396,0.0390568959647907,1.0,0.6521310478218372
2153,614,11430,12044,1507.0,487.0,0.06820132381377361,0.05604989154284058,3.1622776601683795,0.6430300783407756
2724,79,14818,14898,1824.0,685.0,0.018243661100803957,0.0009787129924149743,7.447941497572213,0.6349320703880458
2632,515,14302,14816,1371.0,465.0,0.06459054209919261,0.01641025641025641,6.0,0.6343076812172833
1231,35,5396,5430,1709.0,649.0,0.0,0.0,9.027692569068709,0.631875
2771,44,15074,15122,1381.5,478.0,0.056569753792131965,0.0321507456338917,13.038404810405298,0.6271430064363113
286,49,1007,1055,1240.0,527.0,0.020050125313283207,0.060479375696767,6.8896358721824225,0.6261592526466668
2725,255,14818,15072,1456.0,465.0,0.07012987012987013,0.019428571428571427,4.0,0.6093766233766233
683,10,2956,2965,1582.5,469.5,0.03928441420250896,0.1161270436880193,5.0990195135927845,0.6003292441860744
1710,103,8668,8771,1164.0,523.0,0.013220518244315178,0.035093167701863354,6.516379626418065,0.5955684083809873
2561,353,13805,14170,1460.0,469.0,0.059345895603205544,0.026687598116169546,3.1622776601683795,0.5782587786451612
1086,260,4726,4986,467.5,461.0,0.0312232905982906,0.0761333053720597,2.23606797749979,0.5693472731372817
2831,14,15314,15327,1871.0,645.5,0.002847320631921482,0.008793290043290044,6.324555320336759,0.559600862614266
612,73,2627,2699,1459.0,485.0,0.03232644409114997,0.06216867469879518,2.23606797749979,0.5417681257621902
2573,1146,13916,15072,551.0,486.0,0.011607142857142858,0.07463534218590398,3.605551275463989,0.5400742558003794
729,2,3101,3102,778.5,509.0,0.004489337822671156,0.013723505596570613,1.0,0.5319668624838259
1219,79,5315,5394,851.0,467.0,0.0,0.0,3.8643284505408246,0.531875
1727,425,8773,9208,1304.0,464.0,0.015441176470588236,0.04190962099125364,5.0,0.5305839478648602
1128,3,4927,4929,1081.0,512.0,0.0,0.0,5.701562118716424,0.524375
1483,1,7402,7402,832.0,297.0,0.0,0.0,0.0,0.52
1855,319,9522,9853,1440.0,475.0,0.008663930688554491,0.08276923076923078,3.605551275463989,0.5001941842926795
1188,239,5151,5394,1193.0,440.0,0.010281385281385282,0.0,4.47213595499958,0.4955005411255411
59,190,108,304,1618.5,482.5,0.025234807386706123,0.10143637826291992,5.0990195135927845,0.4922494860726644
254,267,894,1162,1451.0,473.0,0.012844611528822054,0.06789772727272728,6.082762530298219,0.48029890066074277
1186,145,5151,5304,740.0,446.0,0.0,0.0,6.516379626418065,0.4625
2795,116,15174,15290,427.0,489.5,0.014787582653773244,0.06711800099431617,6.0,0.46026133260372537
2289,48,12251,12303,1416.0,424.0,0.032623839009287926,0.00037288116741558035,2.23606797749979,0.4462411183719829
3003,174,16133,16310,1239.0,506.0,0.0028175824553813874,0.0037558394880046943,3.1622776601683795,0.4444070087975349
2905,315,15622,15941,1261.0,450.0,0.006641604010025063,0.0,7.615773105863909,0.4384414160401003
3,81,0,81,1599.0,471.0,0.04361413043478261,0.03159090909090909,8.0,0.43826333992094857
2961,189,15943,16131,1264.0,496.0,0.0030501089324618735,0.007936507936507936,2.23606797749979,0.4380734516028633
2408,117,12809,12925,1405.0,450.0,0.023055555555555555,0.009996155324875048,5.385164807134504,0.4340895328719723
2302,432,12328,12784,1440.0,535.5,0.0075962360043055135,0.0483241044988033,5.0,0.42703315301482864
1278,475,5688,6177,655.0,462.0,0.0,0.005050505050505051,5.0990195135927845,0.41947601010101015
1455,301,7142,7455,652.0,498.0,0.0,0.0,5.0990195135927845,0.40750000000000003
2286,166,12251,12440,1324.5,430.0,0.005794901132429737,0.002397810359039321,6.0,0.4001627252477976
1793,304,9210,9520,1392.5,449.0,0.006911958050510609,0.01664507870991818,4.123105625617661,0.3906254896218788
1674,206,8518,8725,1458.0,427.5,0.02084543856695755,0.008700155146233578,4.242640687119285,0.3895320645602973
2522,91,13552,13642,1309.0,411.0,0.001705653021442495,0.0,2.8284271247461903,0.38869761208577003
2837,27,15329,15355,1444.0,466.0,0.009523809523809525,0.017990346643264588,11.40175425099138,0.37157593138176725
2421,116,12927,13043,1483.0,428.0,0.022909674443267435,0.0,5.0,0.3647636977730697
2486,263,13277,13550,1371.0,437.0,0.0028205128205128207,0.0,6.0,0.3544070512820513
1277,519,5688,6214,1501.0,476.0,0.022564102564102566,0.000952683391552874,6.4031242374328485,0.35403677703951597
350,257,1296,1553,1400.0,397.0,0.006758659532526049,0.0005165289256198347,6.0,0.35306769598134385
1888,416,9855,10289,1382.5,447.0,0.003017463691620995,0.0018389064944080563,4.0,0.3516851677553
2876,2,15459,15460,1394.5,441.0,0.003386529030216738,0.0003132832080200501,13.601470508735444,0.34261018253690706
2329,330,12442,12784,1427.0,396.0,0.00702402045535473,0.0,4.123105625617661,0.3362210818214189
2539,150,13650,13799,1682.0,496.0,0.030395922773718963,0.030150184714203502,3.1622776601683795,0.3306340605232828
2533,258,13644,13914,413.0,506.0,0.009771483430091921,0.015517040149393091,4.47213595499958,0.32824501401915385
351,925,1296,2231,1545.0,483.0,0.00261437908496732,0.041025641025641026,3.605551275463989,0.32688379839115134
2869,2,15453,15454,1474.5,461.0,0.0060692847210339265,0.011107252364966147,11.180339887498949,0.324929143614068
1028,130,4463,4593,1449.5,455.0,0.0,0.0,5.830951894845301,0.2940625
2422,285,12927,13233,1547.0,467.0,0.006829268292682927,0.015745600493979623,4.123105625617661,0.29193327415869097
1233,284,5396,5686,461.5,460.0,0.0,0.0,4.0,0.28843749999999996
714,136,3050,3193,1478.5,409.0,0.0029123661476602655,0.0,6.082762530298219,0.28758696459064104
860,465,3737,4209,1474.0,457.0,0.0005997001499250374,0.0019753086419753087,7.0,0.2850994178836508
2450,175,13047,13233,1552.0,522.0,0.0032267115600448934,0.013333333333333334,3.605551275463989,0.2695735129068462
441,42,1820,1862,119.0,391.0,0.0478936966923237,0.0,3.1622776601683795,0.26594978676929476
742,158,3210,3378,1555.0,454.5,0.0032692286208743943,0.005535364830863853,4.0,0.2522726441452253
1232,291,5396,5686,1521.0,489.0,0.0,0.0,4.0,0.249375
992,105,4348,4455,1558.0,444.0,0.00275178866263071,0.00032206119162640903,7.035533905932738,0.23790127703377564
1650,31,8486,8516,1625.0,440.0,0.0073136427566807315,0.0,3.1622776601683795,0.21362957102672292
1062,116,4602,4724,1607.5,437.0,0.0,0.0,7.211102550927978,0.19531250000000003
1088,131,4726,4857,1625.0,512.0,0.0,0.0,3.1622776601683795,0.18437499999999998
1138,198,4946,5149,229.5,470.5,0.0,0.0,4.0,0.14343749999999997
780,63,3380,3444,1755.0,451.0,0.0014775413711583924,0.004222972972972973,4.182873156368473,0.11748111143057952
973,106,4222,4346,1827.0,471.0,0.001021379126969189,0.0068495077355836854,3.605551275463989,0.07590953197904415
1634,66,8419,8484,1830.0,317.0,0.0,0.0,0.0,0.056249999999999994
1640,9,8450,8484,1884.0,335.0,0.0,0.0,1.0,0.022499999999999985
